date,users,blockchain
2023-04-30,254084,Arbitrum
2023-04-30,46265,Avalanche
2023-04-30,54891,Optimism
2023-04-30,289770,Polygon
2023-04-29,192058,Arbitrum
2023-04-29,43422,Avalanche
2023-04-29,55367,Optimism
2023-04-29,277855,Polygon
2023-04-28,191854,Arbitrum
2023-04-28,45572,Avalanche
2023-04-28,54356,Optimism
2023-04-28,308153,Polygon
2023-04-27,212125,Arbitrum
2023-04-27,44797,Avalanche
2023-04-27,52456,Optimism
2023-04-27,330352,Polygon
2023-04-26,237075,Arbitrum
2023-04-26,44993,Avalanche
2023-04-26,52761,Optimism
2023-04-26,289998,Polygon
2023-04-25,250078,Arbitrum
2023-04-25,52210,Avalanche
2023-04-25,53818,Optimism
2023-04-25,376205,Polygon
2023-04-24,292516,Arbitrum
2023-04-24,42580,Avalanche
2023-04-24,46285,Optimism
2023-04-24,319587,Polygon
2023-04-23,330492,Arbitrum
2023-04-23,39203,Avalanche
2023-04-23,48181,Optimism
2023-04-23,252871,Polygon
2023-04-22,367680,Arbitrum
2023-04-22,35745,Avalanche
2023-04-22,45189,Optimism
2023-04-22,276311,Polygon
2023-04-21,245892,Arbitrum
2023-04-21,36733,Avalanche
2023-04-21,43794,Optimism
2023-04-21,294046,Polygon
2023-04-20,323125,Arbitrum
2023-04-20,37608,Avalanche
2023-04-20,41404,Optimism
2023-04-20,310873,Polygon
2023-04-19,319773,Arbitrum
2023-04-19,43090,Avalanche
2023-04-19,42061,Optimism
2023-04-19,330290,Polygon
2023-04-18,281997,Arbitrum
2023-04-18,45302,Avalanche
2023-04-18,53485,Optimism
2023-04-18,338710,Polygon
2023-04-17,427179,Arbitrum
2023-04-17,44604,Avalanche
2023-04-17,52909,Optimism
2023-04-17,332788,Polygon
2023-04-16,196332,Arbitrum
2023-04-16,41077,Avalanche
2023-04-16,57339,Optimism
2023-04-16,345942,Polygon
2023-04-15,249407,Arbitrum
2023-04-15,41339,Avalanche
2023-04-15,69964,Optimism
2023-04-15,316250,Polygon
2023-04-14,191800,Arbitrum
2023-04-14,47195,Avalanche
2023-04-14,72613,Optimism
2023-04-14,318845,Polygon
2023-04-13,170400,Arbitrum
2023-04-13,46740,Avalanche
2023-04-13,68846,Optimism
2023-04-13,336314,Polygon
2023-04-12,169616,Arbitrum
2023-04-12,48603,Avalanche
2023-04-12,80675,Optimism
2023-04-12,346368,Polygon
2023-04-11,179499,Arbitrum
2023-04-11,45855,Avalanche
2023-04-11,77996,Optimism
2023-04-11,354757,Polygon
2023-04-10,176239,Arbitrum
2023-04-10,43009,Avalanche
2023-04-10,80796,Optimism
2023-04-10,346262,Polygon
2023-04-09,191635,Arbitrum
2023-04-09,40194,Avalanche
2023-04-09,77526,Optimism
2023-04-09,350061,Polygon
2023-04-08,169178,Arbitrum
2023-04-08,33565,Avalanche
2023-04-08,74365,Optimism
2023-04-08,387297,Polygon
2023-04-07,171884,Arbitrum
2023-04-07,34054,Avalanche
2023-04-07,70501,Optimism
2023-04-07,402146,Polygon
2023-04-06,195274,Arbitrum
2023-04-06,34388,Avalanche
2023-04-06,81787,Optimism
2023-04-06,435242,Polygon
2023-04-05,195632,Arbitrum
2023-04-05,30524,Avalanche
2023-04-05,71945,Optimism
2023-04-05,410854,Polygon
2023-04-04,183596,Arbitrum
2023-04-04,25851,Avalanche
2023-04-04,62340,Optimism
2023-04-04,420851,Polygon
2023-04-03,149434,Arbitrum
2023-04-03,24693,Avalanche
2023-04-03,49900,Optimism
2023-04-03,430682,Polygon
2023-04-02,151536,Arbitrum
2023-04-02,22902,Avalanche
2023-04-02,43614,Optimism
2023-04-02,370928,Polygon
2023-04-01,133860,Arbitrum
2023-04-01,27092,Avalanche
2023-04-01,43847,Optimism
2023-04-01,410021,Polygon
2023-03-31,167697,Arbitrum
2023-03-31,31870,Avalanche
2023-03-31,60037,Optimism
2023-03-31,482059,Polygon
2023-03-30,207121,Arbitrum
2023-03-30,25380,Avalanche
2023-03-30,59264,Optimism
2023-03-30,391100,Polygon
2023-03-29,174876,Arbitrum
2023-03-29,29765,Avalanche
2023-03-29,52718,Optimism
2023-03-29,406817,Polygon
2023-03-28,203831,Arbitrum
2023-03-28,29895,Avalanche
2023-03-28,64501,Optimism
2023-03-28,434423,Polygon
2023-03-27,192576,Arbitrum
2023-03-27,23385,Avalanche
2023-03-27,45547,Optimism
2023-03-27,371309,Polygon
2023-03-26,189131,Arbitrum
2023-03-26,20092,Avalanche
2023-03-26,44524,Optimism
2023-03-26,360665,Polygon
2023-03-25,225186,Arbitrum
2023-03-25,19718,Avalanche
2023-03-25,45516,Optimism
2023-03-25,393598,Polygon
2023-03-24,423557,Arbitrum
2023-03-24,22076,Avalanche
2023-03-24,40408,Optimism
2023-03-24,401914,Polygon
2023-03-23,611694,Arbitrum
2023-03-23,22330,Avalanche
2023-03-23,42811,Optimism
2023-03-23,375572,Polygon
2023-03-22,191696,Arbitrum
2023-03-22,21108,Avalanche
2023-03-22,54044,Optimism
2023-03-22,367035,Polygon
2023-03-21,239796,Arbitrum
2023-03-21,21418,Avalanche
2023-03-21,56922,Optimism
2023-03-21,359581,Polygon
2023-03-20,168458,Arbitrum
2023-03-20,21998,Avalanche
2023-03-20,47994,Optimism
2023-03-20,424764,Polygon
2023-03-19,142068,Arbitrum
2023-03-19,20602,Avalanche
2023-03-19,51035,Optimism
2023-03-19,376142,Polygon
2023-03-18,168550,Arbitrum
2023-03-18,21852,Avalanche
2023-03-18,36836,Optimism
2023-03-18,388638,Polygon
2023-03-17,172385,Arbitrum
2023-03-17,20794,Avalanche
2023-03-17,34811,Optimism
2023-03-17,378797,Polygon
2023-03-16,135985,Arbitrum
2023-03-16,18291,Avalanche
2023-03-16,46491,Optimism
2023-03-16,360212,Polygon
2023-03-15,113112,Arbitrum
2023-03-15,19606,Avalanche
2023-03-15,51904,Optimism
2023-03-15,342929,Polygon
2023-03-14,95692,Arbitrum
2023-03-14,21954,Avalanche
2023-03-14,37631,Optimism
2023-03-14,347040,Polygon
2023-03-13,82750,Arbitrum
2023-03-13,24730,Avalanche
2023-03-13,43334,Optimism
2023-03-13,349870,Polygon
2023-03-12,79833,Arbitrum
2023-03-12,18642,Avalanche
2023-03-12,43863,Optimism
2023-03-12,306262,Polygon
2023-03-11,77856,Arbitrum
2023-03-11,25742,Avalanche
2023-03-11,34360,Optimism
2023-03-11,317153,Polygon
2023-03-10,93094,Arbitrum
2023-03-10,21146,Avalanche
2023-03-10,42798,Optimism
2023-03-10,394052,Polygon
2023-03-09,89865,Arbitrum
2023-03-09,22949,Avalanche
2023-03-09,58398,Optimism
2023-03-09,330634,Polygon
2023-03-08,99630,Arbitrum
2023-03-08,18247,Avalanche
2023-03-08,43212,Optimism
2023-03-08,312706,Polygon
2023-03-07,103962,Arbitrum
2023-03-07,17153,Avalanche
2023-03-07,31123,Optimism
2023-03-07,313049,Polygon
2023-03-06,90774,Arbitrum
2023-03-06,21465,Avalanche
2023-03-06,27552,Optimism
2023-03-06,317994,Polygon
2023-03-05,76106,Arbitrum
2023-03-05,22944,Avalanche
2023-03-05,24589,Optimism
2023-03-05,327181,Polygon
2023-03-04,84512,Arbitrum
2023-03-04,16416,Avalanche
2023-03-04,28091,Optimism
2023-03-04,309440,Polygon
2023-03-03,98905,Arbitrum
2023-03-03,21936,Avalanche
2023-03-03,29654,Optimism
2023-03-03,321953,Polygon
2023-03-02,115314,Arbitrum
2023-03-02,19301,Avalanche
2023-03-02,35806,Optimism
2023-03-02,344496,Polygon
2023-03-01,110587,Arbitrum
2023-03-01,19324,Avalanche
2023-03-01,42603,Optimism
2023-03-01,398197,Polygon
2023-02-28,123040,Arbitrum
2023-02-28,20130,Avalanche
2023-02-28,36931,Optimism
2023-02-28,263080,Polygon
2023-02-27,138460,Arbitrum
2023-02-27,30700,Avalanche
2023-02-27,76145,Optimism
2023-02-27,342323,Polygon
2023-02-26,102734,Arbitrum
2023-02-26,20922,Avalanche
2023-02-26,83431,Optimism
2023-02-26,352206,Polygon
2023-02-25,103763,Arbitrum
2023-02-25,21140,Avalanche
2023-02-25,81754,Optimism
2023-02-25,293727,Polygon
2023-02-24,101863,Arbitrum
2023-02-24,23033,Avalanche
2023-02-24,90872,Optimism
2023-02-24,299764,Polygon
2023-02-23,105985,Arbitrum
2023-02-23,27487,Avalanche
2023-02-23,72801,Optimism
2023-02-23,266200,Polygon
2023-02-22,136095,Arbitrum
2023-02-22,27987,Avalanche
2023-02-22,44961,Optimism
2023-02-22,284407,Polygon
2023-02-21,120721,Arbitrum
2023-02-21,23323,Avalanche
2023-02-21,32608,Optimism
2023-02-21,275194,Polygon
2023-02-20,118021,Arbitrum
2023-02-20,25818,Avalanche
2023-02-20,31953,Optimism
2023-02-20,301084,Polygon
2023-02-19,96952,Arbitrum
2023-02-19,21208,Avalanche
2023-02-19,39739,Optimism
2023-02-19,265973,Polygon
2023-02-18,100301,Arbitrum
2023-02-18,22259,Avalanche
2023-02-18,31546,Optimism
2023-02-18,278792,Polygon
2023-02-17,103240,Arbitrum
2023-02-17,27472,Avalanche
2023-02-17,35438,Optimism
2023-02-17,285335,Polygon
2023-02-16,94240,Arbitrum
2023-02-16,30141,Avalanche
2023-02-16,44747,Optimism
2023-02-16,261465,Polygon
2023-02-15,86102,Arbitrum
2023-02-15,26030,Avalanche
2023-02-15,40445,Optimism
2023-02-15,257597,Polygon
2023-02-14,80805,Arbitrum
2023-02-14,21910,Avalanche
2023-02-14,40138,Optimism
2023-02-14,248102,Polygon
2023-02-13,70796,Arbitrum
2023-02-13,21841,Avalanche
2023-02-13,41895,Optimism
2023-02-13,300695,Polygon
2023-02-12,63875,Arbitrum
2023-02-12,20924,Avalanche
2023-02-12,44926,Optimism
2023-02-12,264625,Polygon
2023-02-11,62369,Arbitrum
2023-02-11,19582,Avalanche
2023-02-11,40590,Optimism
2023-02-11,260012,Polygon
2023-02-10,72234,Arbitrum
2023-02-10,22452,Avalanche
2023-02-10,67848,Optimism
2023-02-10,278296,Polygon
2023-02-09,68520,Arbitrum
2023-02-09,23950,Avalanche
2023-02-09,39951,Optimism
2023-02-09,254108,Polygon
2023-02-08,76832,Arbitrum
2023-02-08,23386,Avalanche
2023-02-08,28989,Optimism
2023-02-08,296423,Polygon
2023-02-07,74041,Arbitrum
2023-02-07,24677,Avalanche
2023-02-07,26008,Optimism
2023-02-07,281333,Polygon
2023-02-06,64970,Arbitrum
2023-02-06,25856,Avalanche
2023-02-06,22791,Optimism
2023-02-06,271994,Polygon
2023-02-05,58777,Arbitrum
2023-02-05,23298,Avalanche
2023-02-05,20259,Optimism
2023-02-05,282673,Polygon
2023-02-04,59419,Arbitrum
2023-02-04,24252,Avalanche
2023-02-04,24457,Optimism
2023-02-04,277094,Polygon
2023-02-03,56522,Arbitrum
2023-02-03,22961,Avalanche
2023-02-03,21767,Optimism
2023-02-03,288304,Polygon
2023-02-02,58697,Arbitrum
2023-02-02,29493,Avalanche
2023-02-02,28897,Optimism
2023-02-02,302942,Polygon
2023-02-01,59263,Arbitrum
2023-02-01,44009,Avalanche
2023-02-01,26255,Optimism
2023-02-01,367215,Polygon
2023-01-31,52577,Arbitrum
2023-01-31,33054,Avalanche
2023-01-31,23664,Optimism
2023-01-31,359448,Polygon
2023-01-30,60675,Arbitrum
2023-01-30,38940,Avalanche
2023-01-30,33992,Optimism
2023-01-30,355773,Polygon
2023-01-29,59655,Arbitrum
2023-01-29,41515,Avalanche
2023-01-29,22265,Optimism
2023-01-29,349703,Polygon
2023-01-28,53180,Arbitrum
2023-01-28,28811,Avalanche
2023-01-28,26331,Optimism
2023-01-28,346144,Polygon
2023-01-27,49838,Arbitrum
2023-01-27,26792,Avalanche
2023-01-27,30423,Optimism
2023-01-27,341992,Polygon
2023-01-26,44444,Arbitrum
2023-01-26,25381,Avalanche
2023-01-26,26081,Optimism
2023-01-26,349200,Polygon
2023-01-25,40140,Arbitrum
2023-01-25,22224,Avalanche
2023-01-25,25634,Optimism
2023-01-25,344536,Polygon
2023-01-24,43459,Arbitrum
2023-01-24,22790,Avalanche
2023-01-24,30403,Optimism
2023-01-24,340562,Polygon
2023-01-23,41996,Arbitrum
2023-01-23,23484,Avalanche
2023-01-23,31038,Optimism
2023-01-23,330202,Polygon
2023-01-22,38841,Arbitrum
2023-01-22,24741,Avalanche
2023-01-22,23063,Optimism
2023-01-22,337685,Polygon
2023-01-21,43690,Arbitrum
2023-01-21,23611,Avalanche
2023-01-21,30105,Optimism
2023-01-21,323334,Polygon
2023-01-20,43553,Arbitrum
2023-01-20,28254,Avalanche
2023-01-20,27875,Optimism
2023-01-20,322086,Polygon
2023-01-19,43024,Arbitrum
2023-01-19,26968,Avalanche
2023-01-19,31115,Optimism
2023-01-19,313912,Polygon
2023-01-18,39365,Arbitrum
2023-01-18,26622,Avalanche
2023-01-18,44407,Optimism
2023-01-18,327831,Polygon
2023-01-17,41694,Arbitrum
2023-01-17,22345,Avalanche
2023-01-17,72867,Optimism
2023-01-17,313457,Polygon
2023-01-16,44755,Arbitrum
2023-01-16,23630,Avalanche
2023-01-16,73538,Optimism
2023-01-16,312825,Polygon
2023-01-15,52568,Arbitrum
2023-01-15,21979,Avalanche
2023-01-15,71206,Optimism
2023-01-15,282739,Polygon
2023-01-14,50271,Arbitrum
2023-01-14,26562,Avalanche
2023-01-14,69518,Optimism
2023-01-14,288154,Polygon
2023-01-13,48274,Arbitrum
2023-01-13,26105,Avalanche
2023-01-13,76000,Optimism
2023-01-13,295579,Polygon
2023-01-12,51764,Arbitrum
2023-01-12,29264,Avalanche
2023-01-12,69979,Optimism
2023-01-12,324984,Polygon
2023-01-11,59446,Arbitrum
2023-01-11,24924,Avalanche
2023-01-11,58383,Optimism
2023-01-11,411109,Polygon
2023-01-10,56555,Arbitrum
2023-01-10,23853,Avalanche
2023-01-10,61779,Optimism
2023-01-10,351870,Polygon
2023-01-09,55248,Arbitrum
2023-01-09,26651,Avalanche
2023-01-09,58887,Optimism
2023-01-09,533921,Polygon
2023-01-08,49154,Arbitrum
2023-01-08,22686,Avalanche
2023-01-08,53879,Optimism
2023-01-08,565638,Polygon
2023-01-07,48532,Arbitrum
2023-01-07,25086,Avalanche
2023-01-07,62502,Optimism
2023-01-07,537374,Polygon
2023-01-06,48709,Arbitrum
2023-01-06,24235,Avalanche
2023-01-06,56581,Optimism
2023-01-06,638531,Polygon
2023-01-05,45695,Arbitrum
2023-01-05,23446,Avalanche
2023-01-05,52473,Optimism
2023-01-05,498122,Polygon
2023-01-04,49302,Arbitrum
2023-01-04,29513,Avalanche
2023-01-04,51099,Optimism
2023-01-04,405347,Polygon
2023-01-03,53587,Arbitrum
2023-01-03,23003,Avalanche
2023-01-03,55689,Optimism
2023-01-03,429612,Polygon
2023-01-02,43302,Arbitrum
2023-01-02,23933,Avalanche
2023-01-02,43784,Optimism
2023-01-02,376103,Polygon
2023-01-01,34494,Arbitrum
2023-01-01,24616,Avalanche
2023-01-01,45629,Optimism
2023-01-01,365314,Polygon
2022-12-31,39756,Arbitrum
2022-12-31,20455,Avalanche
2022-12-31,88138,Optimism
2022-12-31,386546,Polygon
2022-12-30,39904,Arbitrum
2022-12-30,25193,Avalanche
2022-12-30,75219,Optimism
2022-12-30,350789,Polygon
2022-12-29,41389,Arbitrum
2022-12-29,29692,Avalanche
2022-12-29,77342,Optimism
2022-12-29,309414,Polygon
2022-12-28,44638,Arbitrum
2022-12-28,28006,Avalanche
2022-12-28,77003,Optimism
2022-12-28,314009,Polygon
2022-12-27,45455,Arbitrum
2022-12-27,22943,Avalanche
2022-12-27,63199,Optimism
2022-12-27,336778,Polygon
2022-12-26,52836,Arbitrum
2022-12-26,25179,Avalanche
2022-12-26,74475,Optimism
2022-12-26,363986,Polygon
2022-12-25,51840,Arbitrum
2022-12-25,21078,Avalanche
2022-12-25,71498,Optimism
2022-12-25,369948,Polygon
2022-12-24,54125,Arbitrum
2022-12-24,34620,Avalanche
2022-12-24,56985,Optimism
2022-12-24,379760,Polygon
2022-12-23,56647,Arbitrum
2022-12-23,42010,Avalanche
2022-12-23,64797,Optimism
2022-12-23,387022,Polygon
2022-12-22,55068,Arbitrum
2022-12-22,24223,Avalanche
2022-12-22,79436,Optimism
2022-12-22,396546,Polygon
2022-12-21,56288,Arbitrum
2022-12-21,28301,Avalanche
2022-12-21,111229,Optimism
2022-12-21,377279,Polygon
2022-12-20,55806,Arbitrum
2022-12-20,29112,Avalanche
2022-12-20,64206,Optimism
2022-12-20,377120,Polygon
2022-12-19,57296,Arbitrum
2022-12-19,26232,Avalanche
2022-12-19,41226,Optimism
2022-12-19,380851,Polygon
2022-12-18,53856,Arbitrum
2022-12-18,25423,Avalanche
2022-12-18,44714,Optimism
2022-12-18,396318,Polygon
2022-12-17,58035,Arbitrum
2022-12-17,29970,Avalanche
2022-12-17,49293,Optimism
2022-12-17,394489,Polygon
2022-12-16,66516,Arbitrum
2022-12-16,26774,Avalanche
2022-12-16,48453,Optimism
2022-12-16,387868,Polygon
2022-12-15,77250,Arbitrum
2022-12-15,30161,Avalanche
2022-12-15,45994,Optimism
2022-12-15,368396,Polygon
2022-12-14,68981,Arbitrum
2022-12-14,39972,Avalanche
2022-12-14,52009,Optimism
2022-12-14,420458,Polygon
2022-12-13,64685,Arbitrum
2022-12-13,32569,Avalanche
2022-12-13,45468,Optimism
2022-12-13,385811,Polygon
2022-12-12,74182,Arbitrum
2022-12-12,29730,Avalanche
2022-12-12,44269,Optimism
2022-12-12,364372,Polygon
2022-12-11,50343,Arbitrum
2022-12-11,21686,Avalanche
2022-12-11,42252,Optimism
2022-12-11,372223,Polygon
2022-12-10,51309,Arbitrum
2022-12-10,23911,Avalanche
2022-12-10,44904,Optimism
2022-12-10,359518,Polygon
2022-12-09,55122,Arbitrum
2022-12-09,28027,Avalanche
2022-12-09,42020,Optimism
2022-12-09,371154,Polygon
2022-12-08,56219,Arbitrum
2022-12-08,30815,Avalanche
2022-12-08,37016,Optimism
2022-12-08,323729,Polygon
2022-12-07,60253,Arbitrum
2022-12-07,26627,Avalanche
2022-12-07,34759,Optimism
2022-12-07,311038,Polygon
2022-12-06,76619,Arbitrum
2022-12-06,23505,Avalanche
2022-12-06,39208,Optimism
2022-12-06,298800,Polygon
2022-12-05,61535,Arbitrum
2022-12-05,23067,Avalanche
2022-12-05,42707,Optimism
2022-12-05,305804,Polygon
2022-12-04,57031,Arbitrum
2022-12-04,22347,Avalanche
2022-12-04,31427,Optimism
2022-12-04,349812,Polygon
2022-12-03,53107,Arbitrum
2022-12-03,26863,Avalanche
2022-12-03,31959,Optimism
2022-12-03,412432,Polygon
2022-12-02,56118,Arbitrum
2022-12-02,25866,Avalanche
2022-12-02,37024,Optimism
2022-12-02,376877,Polygon
2022-12-01,62104,Arbitrum
2022-12-01,27336,Avalanche
2022-12-01,39665,Optimism
2022-12-01,361252,Polygon
2022-11-30,61139,Arbitrum
2022-11-30,31353,Avalanche
2022-11-30,45365,Optimism
2022-11-30,348107,Polygon
2022-11-29,60219,Arbitrum
2022-11-29,39649,Avalanche
2022-11-29,37377,Optimism
2022-11-29,355452,Polygon
2022-11-28,57670,Arbitrum
2022-11-28,25877,Avalanche
2022-11-28,33307,Optimism
2022-11-28,375959,Polygon
2022-11-27,55865,Arbitrum
2022-11-27,26229,Avalanche
2022-11-27,38814,Optimism
2022-11-27,338686,Polygon
2022-11-26,58294,Arbitrum
2022-11-26,22029,Avalanche
2022-11-26,42813,Optimism
2022-11-26,324184,Polygon
2022-11-25,59421,Arbitrum
2022-11-25,22360,Avalanche
2022-11-25,40093,Optimism
2022-11-25,342787,Polygon
2022-11-24,62420,Arbitrum
2022-11-24,24774,Avalanche
2022-11-24,43202,Optimism
2022-11-24,342305,Polygon
2022-11-23,64164,Arbitrum
2022-11-23,25378,Avalanche
2022-11-23,43817,Optimism
2022-11-23,338387,Polygon
2022-11-22,67031,Arbitrum
2022-11-22,25718,Avalanche
2022-11-22,40160,Optimism
2022-11-22,294888,Polygon
2022-11-21,67548,Arbitrum
2022-11-21,27523,Avalanche
2022-11-21,42133,Optimism
2022-11-21,340619,Polygon
2022-11-20,67799,Arbitrum
2022-11-20,25539,Avalanche
2022-11-20,41309,Optimism
2022-11-20,331618,Polygon
2022-11-19,66104,Arbitrum
2022-11-19,25465,Avalanche
2022-11-19,45765,Optimism
2022-11-19,341002,Polygon
2022-11-18,62735,Arbitrum
2022-11-18,31097,Avalanche
2022-11-18,35441,Optimism
2022-11-18,328423,Polygon
2022-11-17,65949,Arbitrum
2022-11-17,27529,Avalanche
2022-11-17,39224,Optimism
2022-11-17,317590,Polygon
2022-11-16,61976,Arbitrum
2022-11-16,46036,Avalanche
2022-11-16,32453,Optimism
2022-11-16,388529,Polygon
2022-11-15,67543,Arbitrum
2022-11-15,28623,Avalanche
2022-11-15,29470,Optimism
2022-11-15,315212,Polygon
2022-11-14,58203,Arbitrum
2022-11-14,28650,Avalanche
2022-11-14,29929,Optimism
2022-11-14,328644,Polygon
2022-11-13,50523,Arbitrum
2022-11-13,28522,Avalanche
2022-11-13,31117,Optimism
2022-11-13,307308,Polygon
2022-11-12,54182,Arbitrum
2022-11-12,25250,Avalanche
2022-11-12,42905,Optimism
2022-11-12,322362,Polygon
2022-11-11,62906,Arbitrum
2022-11-11,28001,Avalanche
2022-11-11,36565,Optimism
2022-11-11,353357,Polygon
2022-11-10,59791,Arbitrum
2022-11-10,41132,Avalanche
2022-11-10,29495,Optimism
2022-11-10,511202,Polygon
2022-11-09,66452,Arbitrum
2022-11-09,32002,Avalanche
2022-11-09,32831,Optimism
2022-11-09,452380,Polygon
2022-11-08,75906,Arbitrum
2022-11-08,29512,Avalanche
2022-11-08,31158,Optimism
2022-11-08,308945,Polygon
2022-11-07,59318,Arbitrum
2022-11-07,28080,Avalanche
2022-11-07,32817,Optimism
2022-11-07,343255,Polygon
2022-11-06,56541,Arbitrum
2022-11-06,28057,Avalanche
2022-11-06,37507,Optimism
2022-11-06,277650,Polygon
2022-11-05,56899,Arbitrum
2022-11-05,31239,Avalanche
2022-11-05,39097,Optimism
2022-11-05,303997,Polygon
2022-11-04,52481,Arbitrum
2022-11-04,29477,Avalanche
2022-11-04,38043,Optimism
2022-11-04,277263,Polygon
2022-11-03,49955,Arbitrum
2022-11-03,32197,Avalanche
2022-11-03,33325,Optimism
2022-11-03,280853,Polygon
2022-11-02,53565,Arbitrum
2022-11-02,47612,Avalanche
2022-11-02,30159,Optimism
2022-11-02,324077,Polygon
2022-11-01,55492,Arbitrum
2022-11-01,46549,Avalanche
2022-11-01,32017,Optimism
2022-11-01,359553,Polygon
2022-10-31,70251,Arbitrum
2022-10-31,49996,Avalanche
2022-10-31,29679,Optimism
2022-10-31,405373,Polygon
2022-10-30,58437,Arbitrum
2022-10-30,25814,Avalanche
2022-10-30,28147,Optimism
2022-10-30,310033,Polygon
2022-10-29,58117,Arbitrum
2022-10-29,30730,Avalanche
2022-10-29,25628,Optimism
2022-10-29,264014,Polygon
2022-10-28,63303,Arbitrum
2022-10-28,33671,Avalanche
2022-10-28,29587,Optimism
2022-10-28,342196,Polygon
2022-10-27,70578,Arbitrum
2022-10-27,40045,Avalanche
2022-10-27,33761,Optimism
2022-10-27,360834,Polygon
2022-10-26,76149,Arbitrum
2022-10-26,42060,Avalanche
2022-10-26,33799,Optimism
2022-10-26,391059,Polygon
2022-10-25,60240,Arbitrum
2022-10-25,42647,Avalanche
2022-10-25,25017,Optimism
2022-10-25,406808,Polygon
2022-10-24,63447,Arbitrum
2022-10-24,33720,Avalanche
2022-10-24,25102,Optimism
2022-10-24,314660,Polygon
2022-10-23,46681,Arbitrum
2022-10-23,33806,Avalanche
2022-10-23,22193,Optimism
2022-10-23,357594,Polygon
2022-10-22,44746,Arbitrum
2022-10-22,30349,Avalanche
2022-10-22,19643,Optimism
2022-10-22,388987,Polygon
2022-10-21,45962,Arbitrum
2022-10-21,41529,Avalanche
2022-10-21,25788,Optimism
2022-10-21,353839,Polygon
2022-10-20,38645,Arbitrum
2022-10-20,40636,Avalanche
2022-10-20,22402,Optimism
2022-10-20,326269,Polygon
2022-10-19,33414,Arbitrum
2022-10-19,37691,Avalanche
2022-10-19,20799,Optimism
2022-10-19,526661,Polygon
2022-10-18,29902,Arbitrum
2022-10-18,40171,Avalanche
2022-10-18,19474,Optimism
2022-10-18,608911,Polygon
2022-10-17,33667,Arbitrum
2022-10-17,42237,Avalanche
2022-10-17,21480,Optimism
2022-10-17,650643,Polygon
2022-10-16,25051,Arbitrum
2022-10-16,47111,Avalanche
2022-10-16,27312,Optimism
2022-10-16,595085,Polygon
2022-10-15,26865,Arbitrum
2022-10-15,69402,Avalanche
2022-10-15,25971,Optimism
2022-10-15,542034,Polygon
2022-10-14,33471,Arbitrum
2022-10-14,131223,Avalanche
2022-10-14,22773,Optimism
2022-10-14,648068,Polygon
2022-10-13,29668,Arbitrum
2022-10-13,43064,Avalanche
2022-10-13,25684,Optimism
2022-10-13,737834,Polygon
2022-10-12,28826,Arbitrum
2022-10-12,24578,Avalanche
2022-10-12,22499,Optimism
2022-10-12,361161,Polygon
2022-10-11,30600,Arbitrum
2022-10-11,25598,Avalanche
2022-10-11,21194,Optimism
2022-10-11,431189,Polygon
2022-10-10,26904,Arbitrum
2022-10-10,24738,Avalanche
2022-10-10,19074,Optimism
2022-10-10,444269,Polygon
2022-10-09,42164,Arbitrum
2022-10-09,22652,Avalanche
2022-10-09,21136,Optimism
2022-10-09,366678,Polygon
2022-10-08,33905,Arbitrum
2022-10-08,22520,Avalanche
2022-10-08,28101,Optimism
2022-10-08,397042,Polygon
2022-10-07,39418,Arbitrum
2022-10-07,30046,Avalanche
2022-10-07,33979,Optimism
2022-10-07,369476,Polygon
2022-10-06,35297,Arbitrum
2022-10-06,26300,Avalanche
2022-10-06,41953,Optimism
2022-10-06,328009,Polygon
2022-10-05,32609,Arbitrum
2022-10-05,26631,Avalanche
2022-10-05,58763,Optimism
2022-10-05,367017,Polygon
2022-10-04,28218,Arbitrum
2022-10-04,27130,Avalanche
2022-10-04,22839,Optimism
2022-10-04,346736,Polygon
2022-10-03,28068,Arbitrum
2022-10-03,29241,Avalanche
2022-10-03,25172,Optimism
2022-10-03,356155,Polygon
2022-10-02,30478,Arbitrum
2022-10-02,27200,Avalanche
2022-10-02,26730,Optimism
2022-10-02,337473,Polygon
2022-10-01,36184,Arbitrum
2022-10-01,27315,Avalanche
2022-10-01,24225,Optimism
2022-10-01,315248,Polygon
2022-09-30,25308,Arbitrum
2022-09-30,27699,Avalanche
2022-09-30,24819,Optimism
2022-09-30,335556,Polygon
2022-09-29,26503,Arbitrum
2022-09-29,31367,Avalanche
2022-09-29,22549,Optimism
2022-09-29,353258,Polygon
2022-09-28,28022,Arbitrum
2022-09-28,29472,Avalanche
2022-09-28,27975,Optimism
2022-09-28,367684,Polygon
2022-09-27,27207,Arbitrum
2022-09-27,35355,Avalanche
2022-09-27,20528,Optimism
2022-09-27,349303,Polygon
2022-09-26,27771,Arbitrum
2022-09-26,29273,Avalanche
2022-09-26,25310,Optimism
2022-09-26,336573,Polygon
2022-09-25,26020,Arbitrum
2022-09-25,24462,Avalanche
2022-09-25,22672,Optimism
2022-09-25,283353,Polygon
2022-09-24,30636,Arbitrum
2022-09-24,23515,Avalanche
2022-09-24,22702,Optimism
2022-09-24,245817,Polygon
2022-09-23,28610,Arbitrum
2022-09-23,25883,Avalanche
2022-09-23,49454,Optimism
2022-09-23,248311,Polygon
2022-09-22,40908,Arbitrum
2022-09-22,25091,Avalanche
2022-09-22,27960,Optimism
2022-09-22,258966,Polygon
2022-09-21,37187,Arbitrum
2022-09-21,28044,Avalanche
2022-09-21,31415,Optimism
2022-09-21,272589,Polygon
2022-09-20,38863,Arbitrum
2022-09-20,26755,Avalanche
2022-09-20,20657,Optimism
2022-09-20,261472,Polygon
2022-09-19,33393,Arbitrum
2022-09-19,28775,Avalanche
2022-09-19,12017,Optimism
2022-09-19,295157,Polygon
2022-09-18,28531,Arbitrum
2022-09-18,26470,Avalanche
2022-09-18,11130,Optimism
2022-09-18,253585,Polygon
2022-09-17,22557,Arbitrum
2022-09-17,26094,Avalanche
2022-09-17,11636,Optimism
2022-09-17,239981,Polygon
2022-09-16,26917,Arbitrum
2022-09-16,27099,Avalanche
2022-09-16,12708,Optimism
2022-09-16,263532,Polygon
2022-09-15,31466,Arbitrum
2022-09-15,29220,Avalanche
2022-09-15,16326,Optimism
2022-09-15,255590,Polygon
2022-09-14,33198,Arbitrum
2022-09-14,28341,Avalanche
2022-09-14,15966,Optimism
2022-09-14,241621,Polygon
2022-09-13,31153,Arbitrum
2022-09-13,30469,Avalanche
2022-09-13,12583,Optimism
2022-09-13,252181,Polygon
2022-09-12,30975,Arbitrum
2022-09-12,31930,Avalanche
2022-09-12,10060,Optimism
2022-09-12,272219,Polygon
2022-09-11,25507,Arbitrum
2022-09-11,26116,Avalanche
2022-09-11,12151,Optimism
2022-09-11,233739,Polygon
2022-09-10,28114,Arbitrum
2022-09-10,27163,Avalanche
2022-09-10,8477,Optimism
2022-09-10,228043,Polygon
2022-09-09,36742,Arbitrum
2022-09-09,31582,Avalanche
2022-09-09,12524,Optimism
2022-09-09,244430,Polygon
2022-09-08,37359,Arbitrum
2022-09-08,27304,Avalanche
2022-09-08,10411,Optimism
2022-09-08,243205,Polygon
2022-09-07,49396,Arbitrum
2022-09-07,27994,Avalanche
2022-09-07,15058,Optimism
2022-09-07,253281,Polygon
2022-09-06,45250,Arbitrum
2022-09-06,29874,Avalanche
2022-09-06,17331,Optimism
2022-09-06,262493,Polygon
2022-09-05,32558,Arbitrum
2022-09-05,28309,Avalanche
2022-09-05,12624,Optimism
2022-09-05,254340,Polygon
2022-09-04,32198,Arbitrum
2022-09-04,25532,Avalanche
2022-09-04,13149,Optimism
2022-09-04,228652,Polygon
2022-09-03,30847,Arbitrum
2022-09-03,26230,Avalanche
2022-09-03,14827,Optimism
2022-09-03,218178,Polygon
2022-09-02,33619,Arbitrum
2022-09-02,29738,Avalanche
2022-09-02,22710,Optimism
2022-09-02,242369,Polygon
2022-09-01,29654,Arbitrum
2022-09-01,33522,Avalanche
2022-09-01,30660,Optimism
2022-09-01,264239,Polygon
2022-08-31,34977,Arbitrum
2022-08-31,33216,Avalanche
2022-08-31,17091,Optimism
2022-08-31,249515,Polygon
2022-08-30,25595,Arbitrum
2022-08-30,31162,Avalanche
2022-08-30,16199,Optimism
2022-08-30,267230,Polygon
2022-08-29,24348,Arbitrum
2022-08-29,34181,Avalanche
2022-08-29,11137,Optimism
2022-08-29,240427,Polygon
2022-08-28,27611,Arbitrum
2022-08-28,28507,Avalanche
2022-08-28,10558,Optimism
2022-08-28,207438,Polygon
2022-08-27,23247,Arbitrum
2022-08-27,28826,Avalanche
2022-08-27,10894,Optimism
2022-08-27,201139,Polygon
2022-08-26,21121,Arbitrum
2022-08-26,29678,Avalanche
2022-08-26,10887,Optimism
2022-08-26,204567,Polygon
2022-08-25,18772,Arbitrum
2022-08-25,29830,Avalanche
2022-08-25,12025,Optimism
2022-08-25,212107,Polygon
2022-08-24,20021,Arbitrum
2022-08-24,30683,Avalanche
2022-08-24,14512,Optimism
2022-08-24,226202,Polygon
2022-08-23,20653,Arbitrum
2022-08-23,30810,Avalanche
2022-08-23,12386,Optimism
2022-08-23,258631,Polygon
2022-08-22,22593,Arbitrum
2022-08-22,32629,Avalanche
2022-08-22,9877,Optimism
2022-08-22,251408,Polygon
2022-08-21,29375,Arbitrum
2022-08-21,31315,Avalanche
2022-08-21,10730,Optimism
2022-08-21,229276,Polygon
2022-08-20,25923,Arbitrum
2022-08-20,31138,Avalanche
2022-08-20,11831,Optimism
2022-08-20,214716,Polygon
2022-08-19,23587,Arbitrum
2022-08-19,35614,Avalanche
2022-08-19,12459,Optimism
2022-08-19,227402,Polygon
2022-08-18,23055,Arbitrum
2022-08-18,34388,Avalanche
2022-08-18,11215,Optimism
2022-08-18,236323,Polygon
2022-08-17,22762,Arbitrum
2022-08-17,35516,Avalanche
2022-08-17,12364,Optimism
2022-08-17,244142,Polygon
2022-08-16,21514,Arbitrum
2022-08-16,35425,Avalanche
2022-08-16,20416,Optimism
2022-08-16,234664,Polygon
2022-08-15,18918,Arbitrum
2022-08-15,36694,Avalanche
2022-08-15,12221,Optimism
2022-08-15,249889,Polygon
2022-08-14,21244,Arbitrum
2022-08-14,29903,Avalanche
2022-08-14,11465,Optimism
2022-08-14,229239,Polygon
2022-08-13,18084,Arbitrum
2022-08-13,31490,Avalanche
2022-08-13,13061,Optimism
2022-08-13,249221,Polygon
2022-08-12,15432,Arbitrum
2022-08-12,34601,Avalanche
2022-08-12,10529,Optimism
2022-08-12,237474,Polygon
2022-08-11,19482,Arbitrum
2022-08-11,38485,Avalanche
2022-08-11,15536,Optimism
2022-08-11,257287,Polygon
2022-08-10,19668,Arbitrum
2022-08-10,37592,Avalanche
2022-08-10,17137,Optimism
2022-08-10,283002,Polygon
2022-08-09,19729,Arbitrum
2022-08-09,34763,Avalanche
2022-08-09,14233,Optimism
2022-08-09,219227,Polygon
2022-08-08,21690,Arbitrum
2022-08-08,38560,Avalanche
2022-08-08,17022,Optimism
2022-08-08,240205,Polygon
2022-08-07,23769,Arbitrum
2022-08-07,36021,Avalanche
2022-08-07,25165,Optimism
2022-08-07,220835,Polygon
2022-08-06,19935,Arbitrum
2022-08-06,33599,Avalanche
2022-08-06,25706,Optimism
2022-08-06,217914,Polygon
2022-08-05,19836,Arbitrum
2022-08-05,35225,Avalanche
2022-08-05,26673,Optimism
2022-08-05,248853,Polygon
2022-08-04,18117,Arbitrum
2022-08-04,55399,Avalanche
2022-08-04,18895,Optimism
2022-08-04,235066,Polygon
2022-08-03,21769,Arbitrum
2022-08-03,52165,Avalanche
2022-08-03,21766,Optimism
2022-08-03,239579,Polygon
2022-08-02,16708,Arbitrum
2022-08-02,37131,Avalanche
2022-08-02,24300,Optimism
2022-08-02,205602,Polygon
2022-08-01,17621,Arbitrum
2022-08-01,40297,Avalanche
2022-08-01,16588,Optimism
2022-08-01,257245,Polygon
2022-07-31,23388,Arbitrum
2022-07-31,35154,Avalanche
2022-07-31,20624,Optimism
2022-07-31,233103,Polygon
2022-07-30,20603,Arbitrum
2022-07-30,35325,Avalanche
2022-07-30,25419,Optimism
2022-07-30,215427,Polygon
2022-07-29,18607,Arbitrum
2022-07-29,44431,Avalanche
2022-07-29,27062,Optimism
2022-07-29,225199,Polygon
2022-07-28,21286,Arbitrum
2022-07-28,40979,Avalanche
2022-07-28,32333,Optimism
2022-07-28,240152,Polygon
2022-07-27,17152,Arbitrum
2022-07-27,41180,Avalanche
2022-07-27,63280,Optimism
2022-07-27,228404,Polygon
2022-07-26,16156,Arbitrum
2022-07-26,39716,Avalanche
2022-07-26,14581,Optimism
2022-07-26,209012,Polygon
2022-07-25,16902,Arbitrum
2022-07-25,39384,Avalanche
2022-07-25,8805,Optimism
2022-07-25,237253,Polygon
2022-07-24,18833,Arbitrum
2022-07-24,36256,Avalanche
2022-07-24,9328,Optimism
2022-07-24,208249,Polygon
2022-07-23,17076,Arbitrum
2022-07-23,33880,Avalanche
2022-07-23,9184,Optimism
2022-07-23,205651,Polygon
2022-07-22,21394,Arbitrum
2022-07-22,36405,Avalanche
2022-07-22,9925,Optimism
2022-07-22,225951,Polygon
2022-07-21,23922,Arbitrum
2022-07-21,38384,Avalanche
2022-07-21,9281,Optimism
2022-07-21,251549,Polygon
2022-07-20,23097,Arbitrum
2022-07-20,43707,Avalanche
2022-07-20,10925,Optimism
2022-07-20,221257,Polygon
2022-07-19,21849,Arbitrum
2022-07-19,40690,Avalanche
2022-07-19,8347,Optimism
2022-07-19,242326,Polygon
2022-07-18,22585,Arbitrum
2022-07-18,42483,Avalanche
2022-07-18,8751,Optimism
2022-07-18,260506,Polygon
2022-07-17,17713,Arbitrum
2022-07-17,32285,Avalanche
2022-07-17,9281,Optimism
2022-07-17,202879,Polygon
2022-07-16,15380,Arbitrum
2022-07-16,31147,Avalanche
2022-07-16,7855,Optimism
2022-07-16,202362,Polygon
2022-07-15,13917,Arbitrum
2022-07-15,36244,Avalanche
2022-07-15,13363,Optimism
2022-07-15,231211,Polygon
2022-07-14,16451,Arbitrum
2022-07-14,35969,Avalanche
2022-07-14,8816,Optimism
2022-07-14,226044,Polygon
2022-07-13,16641,Arbitrum
2022-07-13,34591,Avalanche
2022-07-13,8204,Optimism
2022-07-13,225248,Polygon
2022-07-12,16706,Arbitrum
2022-07-12,34839,Avalanche
2022-07-12,5400,Optimism
2022-07-12,232431,Polygon
2022-07-11,12940,Arbitrum
2022-07-11,36132,Avalanche
2022-07-11,5896,Optimism
2022-07-11,242025,Polygon
2022-07-10,15163,Arbitrum
2022-07-10,30681,Avalanche
2022-07-10,7272,Optimism
2022-07-10,208711,Polygon
2022-07-09,18851,Arbitrum
2022-07-09,29917,Avalanche
2022-07-09,7696,Optimism
2022-07-09,195177,Polygon
2022-07-08,15508,Arbitrum
2022-07-08,36201,Avalanche
2022-07-08,8097,Optimism
2022-07-08,219762,Polygon
2022-07-07,18621,Arbitrum
2022-07-07,37283,Avalanche
2022-07-07,7416,Optimism
2022-07-07,214308,Polygon
2022-07-06,19048,Arbitrum
2022-07-06,37180,Avalanche
2022-07-06,8135,Optimism
2022-07-06,237719,Polygon
2022-07-05,18798,Arbitrum
2022-07-05,36288,Avalanche
2022-07-05,6931,Optimism
2022-07-05,225190,Polygon
2022-07-04,24701,Arbitrum
2022-07-04,39447,Avalanche
2022-07-04,9628,Optimism
2022-07-04,222208,Polygon
2022-07-03,26783,Arbitrum
2022-07-03,34785,Avalanche
2022-07-03,8566,Optimism
2022-07-03,194637,Polygon
2022-07-02,33228,Arbitrum
2022-07-02,33052,Avalanche
2022-07-02,6419,Optimism
2022-07-02,193935,Polygon
2022-07-01,35123,Arbitrum
2022-07-01,35953,Avalanche
2022-07-01,8648,Optimism
2022-07-01,226969,Polygon
2022-06-30,44901,Arbitrum
2022-06-30,36803,Avalanche
2022-06-30,6367,Optimism
2022-06-30,265161,Polygon
2022-06-29,56986,Arbitrum
2022-06-29,36049,Avalanche
2022-06-29,8136,Optimism
2022-06-29,239016,Polygon
2022-06-28,54611,Arbitrum
2022-06-28,35063,Avalanche
2022-06-28,9597,Optimism
2022-06-28,253048,Polygon
2022-06-27,47595,Arbitrum
2022-06-27,37275,Avalanche
2022-06-27,54037,Optimism
2022-06-27,407961,Polygon
2022-06-26,32433,Arbitrum
2022-06-26,35840,Avalanche
2022-06-26,30619,Optimism
2022-06-26,274101,Polygon
2022-06-25,25278,Arbitrum
2022-06-25,36932,Avalanche
2022-06-25,23011,Optimism
2022-06-25,277498,Polygon
2022-06-24,25876,Arbitrum
2022-06-24,38393,Avalanche
2022-06-24,22514,Optimism
2022-06-24,287455,Polygon
2022-06-23,24361,Arbitrum
2022-06-23,37435,Avalanche
2022-06-23,18654,Optimism
2022-06-23,247887,Polygon
2022-06-22,25927,Arbitrum
2022-06-22,34326,Avalanche
2022-06-22,20403,Optimism
2022-06-22,235358,Polygon
2022-06-21,18966,Arbitrum
2022-06-21,39230,Avalanche
2022-06-21,10910,Optimism
2022-06-21,228296,Polygon
2022-06-20,16714,Arbitrum
2022-06-20,39806,Avalanche
2022-06-20,8594,Optimism
2022-06-20,234587,Polygon
2022-06-19,14285,Arbitrum
2022-06-19,34262,Avalanche
2022-06-19,7933,Optimism
2022-06-19,224851,Polygon
2022-06-18,16819,Arbitrum
2022-06-18,34566,Avalanche
2022-06-18,8755,Optimism
2022-06-18,209293,Polygon
2022-06-17,19686,Arbitrum
2022-06-17,34774,Avalanche
2022-06-17,10180,Optimism
2022-06-17,204383,Polygon
2022-06-16,20015,Arbitrum
2022-06-16,38024,Avalanche
2022-06-16,13726,Optimism
2022-06-16,216055,Polygon
2022-06-15,18247,Arbitrum
2022-06-15,38680,Avalanche
2022-06-15,11021,Optimism
2022-06-15,224354,Polygon
2022-06-14,16825,Arbitrum
2022-06-14,38010,Avalanche
2022-06-14,11114,Optimism
2022-06-14,251502,Polygon
2022-06-13,15612,Arbitrum
2022-06-13,42911,Avalanche
2022-06-13,12637,Optimism
2022-06-13,226017,Polygon
2022-06-12,19184,Arbitrum
2022-06-12,36136,Avalanche
2022-06-12,14201,Optimism
2022-06-12,224267,Polygon
2022-06-11,22607,Arbitrum
2022-06-11,35287,Avalanche
2022-06-11,20038,Optimism
2022-06-11,220049,Polygon
2022-06-10,16853,Arbitrum
2022-06-10,35944,Avalanche
2022-06-10,15350,Optimism
2022-06-10,239017,Polygon
2022-06-09,20066,Arbitrum
2022-06-09,36337,Avalanche
2022-06-09,17243,Optimism
2022-06-09,271546,Polygon
2022-06-08,19716,Arbitrum
2022-06-08,37349,Avalanche
2022-06-08,19324,Optimism
2022-06-08,245174,Polygon
2022-06-07,21907,Arbitrum
2022-06-07,40926,Avalanche
2022-06-07,19477,Optimism
2022-06-07,230579,Polygon
2022-06-06,21868,Arbitrum
2022-06-06,43597,Avalanche
2022-06-06,17800,Optimism
2022-06-06,240430,Polygon
2022-06-05,18972,Arbitrum
2022-06-05,34245,Avalanche
2022-06-05,16864,Optimism
2022-06-05,199498,Polygon
2022-06-04,20167,Arbitrum
2022-06-04,33626,Avalanche
2022-06-04,18630,Optimism
2022-06-04,209039,Polygon
2022-06-03,18478,Arbitrum
2022-06-03,39099,Avalanche
2022-06-03,23087,Optimism
2022-06-03,217178,Polygon
2022-06-02,23363,Arbitrum
2022-06-02,39367,Avalanche
2022-06-02,45892,Optimism
2022-06-02,226910,Polygon
2022-06-01,19734,Arbitrum
2022-06-01,41608,Avalanche
2022-06-01,106033,Optimism
2022-06-01,248302,Polygon
2022-05-31,16614,Arbitrum
2022-05-31,43135,Avalanche
2022-05-31,53033,Optimism
2022-05-31,239315,Polygon
2022-05-30,14991,Arbitrum
2022-05-30,43851,Avalanche
2022-05-30,7565,Optimism
2022-05-30,262527,Polygon
2022-05-29,14945,Arbitrum
2022-05-29,35951,Avalanche
2022-05-29,6701,Optimism
2022-05-29,218620,Polygon
2022-05-28,14945,Arbitrum
2022-05-28,35886,Avalanche
2022-05-28,7343,Optimism
2022-05-28,213836,Polygon
2022-05-27,12902,Arbitrum
2022-05-27,43033,Avalanche
2022-05-27,7868,Optimism
2022-05-27,240953,Polygon
2022-05-26,12348,Arbitrum
2022-05-26,44000,Avalanche
2022-05-26,7322,Optimism
2022-05-26,229884,Polygon
2022-05-25,14759,Arbitrum
2022-05-25,47118,Avalanche
2022-05-25,9423,Optimism
2022-05-25,240969,Polygon
2022-05-24,16450,Arbitrum
2022-05-24,44407,Avalanche
2022-05-24,6698,Optimism
2022-05-24,248565,Polygon
2022-05-23,17684,Arbitrum
2022-05-23,50442,Avalanche
2022-05-23,6998,Optimism
2022-05-23,245621,Polygon
2022-05-22,14993,Arbitrum
2022-05-22,41260,Avalanche
2022-05-22,5939,Optimism
2022-05-22,209356,Polygon
2022-05-21,16163,Arbitrum
2022-05-21,41347,Avalanche
2022-05-21,5517,Optimism
2022-05-21,218619,Polygon
2022-05-20,15963,Arbitrum
2022-05-20,48613,Avalanche
2022-05-20,5683,Optimism
2022-05-20,240299,Polygon
2022-05-19,16299,Arbitrum
2022-05-19,45970,Avalanche
2022-05-19,6216,Optimism
2022-05-19,234795,Polygon
2022-05-18,16491,Arbitrum
2022-05-18,47611,Avalanche
2022-05-18,6322,Optimism
2022-05-18,247122,Polygon
2022-05-17,17301,Arbitrum
2022-05-17,49023,Avalanche
2022-05-17,4727,Optimism
2022-05-17,266459,Polygon
2022-05-16,18467,Arbitrum
2022-05-16,53051,Avalanche
2022-05-16,5749,Optimism
2022-05-16,352493,Polygon
2022-05-15,16784,Arbitrum
2022-05-15,53734,Avalanche
2022-05-15,5181,Optimism
2022-05-15,206827,Polygon
2022-05-14,15359,Arbitrum
2022-05-14,57740,Avalanche
2022-05-14,5170,Optimism
2022-05-14,289345,Polygon
2022-05-13,10502,Arbitrum
2022-05-13,68813,Avalanche
2022-05-13,4223,Optimism
2022-05-13,328874,Polygon
2022-05-12,11948,Arbitrum
2022-05-12,71221,Avalanche
2022-05-12,4330,Optimism
2022-05-12,242365,Polygon
2022-05-11,15748,Arbitrum
2022-05-11,72168,Avalanche
2022-05-11,5778,Optimism
2022-05-11,247288,Polygon
2022-05-10,16925,Arbitrum
2022-05-10,66216,Avalanche
2022-05-10,5827,Optimism
2022-05-10,286959,Polygon
2022-05-09,21251,Arbitrum
2022-05-09,71893,Avalanche
2022-05-09,5995,Optimism
2022-05-09,305079,Polygon
2022-05-08,22798,Arbitrum
2022-05-08,64875,Avalanche
2022-05-08,6906,Optimism
2022-05-08,291709,Polygon
2022-05-07,21644,Arbitrum
2022-05-07,86953,Avalanche
2022-05-07,7608,Optimism
2022-05-07,321330,Polygon
2022-05-06,19525,Arbitrum
2022-05-06,104709,Avalanche
2022-05-06,7886,Optimism
2022-05-06,305773,Polygon
2022-05-05,18133,Arbitrum
2022-05-05,85034,Avalanche
2022-05-05,7118,Optimism
2022-05-05,360644,Polygon
2022-05-04,18986,Arbitrum
2022-05-04,72559,Avalanche
2022-05-04,7791,Optimism
2022-05-04,358457,Polygon
2022-05-03,17114,Arbitrum
2022-05-03,72441,Avalanche
2022-05-03,5856,Optimism
2022-05-03,321255,Polygon
2022-05-02,16004,Arbitrum
2022-05-02,70328,Avalanche
2022-05-02,6408,Optimism
2022-05-02,321995,Polygon
2022-05-01,10990,Arbitrum
2022-05-01,62815,Avalanche
2022-05-01,4911,Optimism
2022-05-01,282462,Polygon
2022-04-30,18853,Arbitrum
2022-04-30,65506,Avalanche
2022-04-30,6775,Optimism
2022-04-30,465303,Polygon
2022-04-29,18415,Arbitrum
2022-04-29,70212,Avalanche
2022-04-29,7617,Optimism
2022-04-29,333885,Polygon
2022-04-28,19662,Arbitrum
2022-04-28,72708,Avalanche
2022-04-28,8082,Optimism
2022-04-28,341258,Polygon
2022-04-27,18742,Arbitrum
2022-04-27,75086,Avalanche
2022-04-27,13349,Optimism
2022-04-27,342747,Polygon
2022-04-26,12997,Arbitrum
2022-04-26,73402,Avalanche
2022-04-26,8968,Optimism
2022-04-26,326262,Polygon
2022-04-25,12693,Arbitrum
2022-04-25,73648,Avalanche
2022-04-25,5571,Optimism
2022-04-25,350174,Polygon
2022-04-24,12438,Arbitrum
2022-04-24,71764,Avalanche
2022-04-24,6420,Optimism
2022-04-24,341846,Polygon
2022-04-23,12843,Arbitrum
2022-04-23,70660,Avalanche
2022-04-23,6239,Optimism
2022-04-23,327977,Polygon
2022-04-22,14808,Arbitrum
2022-04-22,69353,Avalanche
2022-04-22,5985,Optimism
2022-04-22,336738,Polygon
2022-04-21,15517,Arbitrum
2022-04-21,77619,Avalanche
2022-04-21,8104,Optimism
2022-04-21,363597,Polygon
2022-04-20,18136,Arbitrum
2022-04-20,77585,Avalanche
2022-04-20,9482,Optimism
2022-04-20,377567,Polygon
2022-04-19,12641,Arbitrum
2022-04-19,79814,Avalanche
2022-04-19,4494,Optimism
2022-04-19,347047,Polygon
2022-04-18,11025,Arbitrum
2022-04-18,76029,Avalanche
2022-04-18,3107,Optimism
2022-04-18,359735,Polygon
2022-04-17,72534,Avalanche
2022-04-17,3277,Optimism
2022-04-17,326543,Polygon
2022-04-16,71301,Avalanche
2022-04-16,3133,Optimism
2022-04-16,328714,Polygon
2022-04-15,82461,Avalanche
2022-04-15,3152,Optimism
2022-04-15,315906,Polygon
2022-04-14,75882,Avalanche
2022-04-14,3825,Optimism
2022-04-14,312581,Polygon
2022-04-13,71695,Avalanche
2022-04-13,3100,Optimism
2022-04-13,311389,Polygon
2022-04-12,77656,Avalanche
2022-04-12,2436,Optimism
2022-04-12,323638,Polygon
2022-04-11,78465,Avalanche
2022-04-11,3222,Optimism
2022-04-11,312576,Polygon
2022-04-10,69186,Avalanche
2022-04-10,2355,Optimism
2022-04-10,289135,Polygon
2022-04-09,70874,Avalanche
2022-04-09,1983,Optimism
2022-04-09,289269,Polygon
2022-04-08,76605,Avalanche
2022-04-08,2493,Optimism
2022-04-08,332250,Polygon
2022-04-07,71065,Avalanche
2022-04-07,2553,Optimism
2022-04-07,327329,Polygon
2022-04-06,67390,Avalanche
2022-04-06,2856,Optimism
2022-04-06,295773,Polygon
2022-04-05,71354,Avalanche
2022-04-05,2180,Optimism
2022-04-05,298516,Polygon
2022-04-04,76583,Avalanche
2022-04-04,2578,Optimism
2022-04-04,286196,Polygon
2022-04-03,71905,Avalanche
2022-04-03,2192,Optimism
2022-04-03,285191,Polygon
2022-04-02,77032,Avalanche
2022-04-02,2520,Optimism
2022-04-02,299775,Polygon
2022-04-01,78258,Avalanche
2022-04-01,3037,Optimism
2022-04-01,304986,Polygon
2022-03-31,81966,Avalanche
2022-03-31,3483,Optimism
2022-03-31,321063,Polygon
2022-03-30,80067,Avalanche
2022-03-30,3769,Optimism
2022-03-30,319131,Polygon
2022-03-29,82778,Avalanche
2022-03-29,3207,Optimism
2022-03-29,349061,Polygon
2022-03-28,89039,Avalanche
2022-03-28,2958,Optimism
2022-03-28,356893,Polygon
2022-03-27,67976,Avalanche
2022-03-27,2357,Optimism
2022-03-27,345311,Polygon
2022-03-26,70620,Avalanche
2022-03-26,2245,Optimism
2022-03-26,368879,Polygon
2022-03-25,77359,Avalanche
2022-03-25,2545,Optimism
2022-03-25,397540,Polygon
2022-03-24,81516,Avalanche
2022-03-24,3153,Optimism
2022-03-24,398208,Polygon
2022-03-23,83533,Avalanche
2022-03-23,3250,Optimism
2022-03-23,424379,Polygon
2022-03-22,85334,Avalanche
2022-03-22,2487,Optimism
2022-03-22,393198,Polygon
2022-03-21,79203,Avalanche
2022-03-21,2357,Optimism
2022-03-21,383955,Polygon
2022-03-20,74923,Avalanche
2022-03-20,2399,Optimism
2022-03-20,376397,Polygon
2022-03-19,80412,Avalanche
2022-03-19,3321,Optimism
2022-03-19,367441,Polygon
2022-03-18,82546,Avalanche
2022-03-18,2633,Optimism
2022-03-18,377444,Polygon
2022-03-17,87939,Avalanche
2022-03-17,2711,Optimism
2022-03-17,408294,Polygon
2022-03-16,80850,Avalanche
2022-03-16,2851,Optimism
2022-03-16,387156,Polygon
2022-03-15,118926,Avalanche
2022-03-15,1899,Optimism
2022-03-15,345145,Polygon
2022-03-14,102653,Avalanche
2022-03-14,2140,Optimism
2022-03-14,357846,Polygon
2022-03-13,74880,Avalanche
2022-03-13,2083,Optimism
2022-03-13,326756,Polygon
2022-03-12,78346,Avalanche
2022-03-12,2753,Optimism
2022-03-12,371571,Polygon
2022-03-11,85484,Avalanche
2022-03-11,2611,Optimism
2022-03-11,324734,Polygon
2022-03-10,78406,Avalanche
2022-03-10,2744,Optimism
2022-03-10,305320,Polygon
2022-03-09,80277,Avalanche
2022-03-09,2441,Optimism
2022-03-09,376868,Polygon
2022-03-08,83706,Avalanche
2022-03-08,1792,Optimism
2022-03-08,433925,Polygon
2022-03-07,90941,Avalanche
2022-03-07,1893,Optimism
2022-03-07,381321,Polygon
2022-03-06,75567,Avalanche
2022-03-06,1527,Optimism
2022-03-06,363210,Polygon
2022-03-05,70186,Avalanche
2022-03-05,1691,Optimism
2022-03-05,340536,Polygon
2022-03-04,82094,Avalanche
2022-03-04,2184,Optimism
2022-03-04,381840,Polygon
2022-03-03,82885,Avalanche
2022-03-03,1944,Optimism
2022-03-03,388228,Polygon
2022-03-02,85486,Avalanche
2022-03-02,2089,Optimism
2022-03-02,339959,Polygon
2022-03-01,87619,Avalanche
2022-03-01,1816,Optimism
2022-03-01,345038,Polygon
2022-02-28,85395,Avalanche
2022-02-28,1778,Optimism
2022-02-28,292906,Polygon
2022-02-27,75736,Avalanche
2022-02-27,1951,Optimism
2022-02-27,274853,Polygon
2022-02-26,71857,Avalanche
2022-02-26,1648,Optimism
2022-02-26,250845,Polygon
2022-02-25,78428,Avalanche
2022-02-25,1674,Optimism
2022-02-25,273192,Polygon
2022-02-24,78657,Avalanche
2022-02-24,1641,Optimism
2022-02-24,293518,Polygon
2022-02-23,85633,Avalanche
2022-02-23,2182,Optimism
2022-02-23,290791,Polygon
2022-02-22,93368,Avalanche
2022-02-22,1602,Optimism
2022-02-22,285022,Polygon
2022-02-21,81961,Avalanche
2022-02-21,1554,Optimism
2022-02-21,309938,Polygon
2022-02-20,82004,Avalanche
2022-02-20,1617,Optimism
2022-02-20,277038,Polygon
2022-02-19,88102,Avalanche
2022-02-19,1752,Optimism
2022-02-19,299848,Polygon
2022-02-18,91024,Avalanche
2022-02-18,1999,Optimism
2022-02-18,306091,Polygon
2022-02-17,93355,Avalanche
2022-02-17,2216,Optimism
2022-02-17,287279,Polygon
2022-02-16,89397,Avalanche
2022-02-16,2485,Optimism
2022-02-16,338669,Polygon
2022-02-15,98422,Avalanche
2022-02-15,2885,Optimism
2022-02-15,330688,Polygon
2022-02-14,97988,Avalanche
2022-02-14,1963,Optimism
2022-02-14,336015,Polygon
2022-02-13,84774,Avalanche
2022-02-13,1550,Optimism
2022-02-13,301595,Polygon
2022-02-12,105824,Avalanche
2022-02-12,1607,Optimism
2022-02-12,315326,Polygon
2022-02-11,89930,Avalanche
2022-02-11,2105,Optimism
2022-02-11,319288,Polygon
2022-02-10,93621,Avalanche
2022-02-10,1957,Optimism
2022-02-10,310555,Polygon
2022-02-09,92669,Avalanche
2022-02-09,2558,Optimism
2022-02-09,303943,Polygon
2022-02-08,96996,Avalanche
2022-02-08,2233,Optimism
2022-02-08,321806,Polygon
2022-02-07,96479,Avalanche
2022-02-07,2251,Optimism
2022-02-07,313982,Polygon
2022-02-06,74532,Avalanche
2022-02-06,1692,Optimism
2022-02-06,290630,Polygon
2022-02-05,74733,Avalanche
2022-02-05,2057,Optimism
2022-02-05,282524,Polygon
2022-02-04,78078,Avalanche
2022-02-04,2160,Optimism
2022-02-04,298685,Polygon
2022-02-03,74629,Avalanche
2022-02-03,2020,Optimism
2022-02-03,311233,Polygon
2022-02-02,77678,Avalanche
2022-02-02,3175,Optimism
2022-02-02,303926,Polygon
2022-02-01,86839,Avalanche
2022-02-01,1670,Optimism
2022-02-01,293810,Polygon
2022-01-31,101295,Avalanche
2022-01-31,2077,Optimism
2022-01-31,271988,Polygon
2022-01-30,76511,Avalanche
2022-01-30,1595,Optimism
2022-01-30,260239,Polygon
2022-01-29,86644,Avalanche
2022-01-29,1572,Optimism
2022-01-29,271839,Polygon
2022-01-28,95424,Avalanche
2022-01-28,1814,Optimism
2022-01-28,302276,Polygon
2022-01-27,94879,Avalanche
2022-01-27,1732,Optimism
2022-01-27,340698,Polygon
2022-01-26,83425,Avalanche
2022-01-26,2300,Optimism
2022-01-26,290096,Polygon
2022-01-25,72666,Avalanche
2022-01-25,1898,Optimism
2022-01-25,274078,Polygon
2022-01-24,74262,Avalanche
2022-01-24,1849,Optimism
2022-01-24,252613,Polygon
2022-01-23,73684,Avalanche
2022-01-23,1438,Optimism
2022-01-23,257428,Polygon
2022-01-22,76908,Avalanche
2022-01-22,1760,Optimism
2022-01-22,235818,Polygon
2022-01-21,83684,Avalanche
2022-01-21,2262,Optimism
2022-01-21,232502,Polygon
2022-01-20,87319,Avalanche
2022-01-20,2676,Optimism
2022-01-20,228915,Polygon
2022-01-19,95253,Avalanche
2022-01-19,3336,Optimism
2022-01-19,238369,Polygon
2022-01-18,103716,Avalanche
2022-01-18,1984,Optimism
2022-01-18,284501,Polygon
2022-01-17,129040,Avalanche
2022-01-17,1593,Optimism
2022-01-17,310216,Polygon
2022-01-16,88434,Avalanche
2022-01-16,1723,Optimism
2022-01-16,325227,Polygon
2022-01-15,83481,Avalanche
2022-01-15,2037,Optimism
2022-01-15,317837,Polygon
2022-01-14,84036,Avalanche
2022-01-14,2088,Optimism
2022-01-14,306530,Polygon
2022-01-13,79427,Avalanche
2022-01-13,1789,Optimism
2022-01-13,318453,Polygon
2022-01-12,83367,Avalanche
2022-01-12,2031,Optimism
2022-01-12,306293,Polygon
2022-01-11,78764,Avalanche
2022-01-11,1510,Optimism
2022-01-11,299698,Polygon
2022-01-10,83379,Avalanche
2022-01-10,1342,Optimism
2022-01-10,346124,Polygon
2022-01-09,72937,Avalanche
2022-01-09,1826,Optimism
2022-01-09,284622,Polygon
2022-01-08,81653,Avalanche
2022-01-08,1965,Optimism
2022-01-08,345157,Polygon
2022-01-07,111256,Avalanche
2022-01-07,2108,Optimism
2022-01-07,526211,Polygon
2022-01-06,95061,Avalanche
2022-01-06,2062,Optimism
2022-01-06,557804,Polygon
2022-01-05,94383,Avalanche
2022-01-05,2343,Optimism
2022-01-05,522091,Polygon
2022-01-04,88049,Avalanche
2022-01-04,1951,Optimism
2022-01-04,494705,Polygon
2022-01-03,89916,Avalanche
2022-01-03,1997,Optimism
2022-01-03,453226,Polygon
2022-01-02,91232,Avalanche
2022-01-02,1869,Optimism
2022-01-02,356165,Polygon
2022-01-01,67837,Avalanche
2022-01-01,2807,Optimism
2022-01-01,294019,Polygon
2021-12-31,72911,Avalanche
2021-12-31,3080,Optimism
2021-12-31,278443,Polygon
2021-12-30,78810,Avalanche
2021-12-30,3131,Optimism
2021-12-30,277888,Polygon
2021-12-29,79721,Avalanche
2021-12-29,3217,Optimism
2021-12-29,327003,Polygon
2021-12-28,95370,Avalanche
2021-12-28,3118,Optimism
2021-12-28,306225,Polygon
2021-12-27,94479,Avalanche
2021-12-27,3785,Optimism
2021-12-27,346690,Polygon
2021-12-26,83870,Avalanche
2021-12-26,3838,Optimism
2021-12-26,255882,Polygon
2021-12-25,84053,Avalanche
2021-12-25,2729,Optimism
2021-12-25,236093,Polygon
2021-12-24,95865,Avalanche
2021-12-24,3543,Optimism
2021-12-24,244731,Polygon
2021-12-23,107332,Avalanche
2021-12-23,3026,Optimism
2021-12-23,267315,Polygon
2021-12-22,125988,Avalanche
2021-12-22,2847,Optimism
2021-12-22,303016,Polygon
2021-12-21,108728,Avalanche
2021-12-21,2231,Optimism
2021-12-21,292367,Polygon
2021-12-20,113793,Avalanche
2021-12-20,2216,Optimism
2021-12-20,343024,Polygon
2021-12-19,91436,Avalanche
2021-12-19,2906,Optimism
2021-12-19,266863,Polygon
2021-12-18,95514,Avalanche
2021-12-18,2478,Optimism
2021-12-18,282580,Polygon
2021-12-17,102309,Avalanche
2021-12-17,2177,Optimism
2021-12-17,264356,Polygon
2021-12-16,103655,Avalanche
2021-12-16,2648,Optimism
2021-12-16,296855,Polygon
2021-12-15,99126,Avalanche
2021-12-15,3384,Optimism
2021-12-15,307660,Polygon
2021-12-14,90336,Avalanche
2021-12-14,6666,Optimism
2021-12-14,318917,Polygon
2021-12-13,100331,Avalanche
2021-12-13,2667,Optimism
2021-12-13,332802,Polygon
2021-12-12,76186,Avalanche
2021-12-12,3518,Optimism
2021-12-12,284602,Polygon
2021-12-11,79336,Avalanche
2021-12-11,2620,Optimism
2021-12-11,340917,Polygon
2021-12-10,86319,Avalanche
2021-12-10,2541,Optimism
2021-12-10,292781,Polygon
2021-12-09,95009,Avalanche
2021-12-09,2301,Optimism
2021-12-09,271580,Polygon
2021-12-08,97221,Avalanche
2021-12-08,2647,Optimism
2021-12-08,261130,Polygon
2021-12-07,80870,Avalanche
2021-12-07,2289,Optimism
2021-12-07,263097,Polygon
2021-12-06,95518,Avalanche
2021-12-06,2107,Optimism
2021-12-06,277626,Polygon
2021-12-05,66598,Avalanche
2021-12-05,2139,Optimism
2021-12-05,239483,Polygon
2021-12-04,84484,Avalanche
2021-12-04,1904,Optimism
2021-12-04,286172,Polygon
2021-12-03,86838,Avalanche
2021-12-03,2331,Optimism
2021-12-03,351337,Polygon
2021-12-02,77973,Avalanche
2021-12-02,3288,Optimism
2021-12-02,352830,Polygon
2021-12-01,87703,Avalanche
2021-12-01,2777,Optimism
2021-12-01,273058,Polygon
2021-11-30,81180,Avalanche
2021-11-30,2189,Optimism
2021-11-30,272287,Polygon
2021-11-29,75913,Avalanche
2021-11-29,2167,Optimism
2021-11-29,342231,Polygon
2021-11-28,72943,Avalanche
2021-11-28,2634,Optimism
2021-11-28,267576,Polygon
2021-11-27,83581,Avalanche
2021-11-27,2208,Optimism
2021-11-27,268932,Polygon
2021-11-26,97844,Avalanche
2021-11-26,2161,Optimism
2021-11-26,274851,Polygon
2021-11-25,88190,Avalanche
2021-11-25,2525,Optimism
2021-11-25,288851,Polygon
2021-11-24,86154,Avalanche
2021-11-24,3124,Optimism
2021-11-24,301606,Polygon
2021-11-23,96451,Avalanche
2021-11-23,2454,Optimism
2021-11-23,289763,Polygon
2021-11-22,94412,Avalanche
2021-11-22,2462,Optimism
2021-11-22,348185,Polygon
2021-11-21,92252,Avalanche
2021-11-21,3173,Optimism
2021-11-21,253988,Polygon
2021-11-20,83459,Avalanche
2021-11-20,3014,Optimism
2021-11-20,248024,Polygon
2021-11-19,78090,Avalanche
2021-11-19,3184,Optimism
2021-11-19,265966,Polygon
2021-11-18,88285,Avalanche
2021-11-18,2967,Optimism
2021-11-18,248413,Polygon
2021-11-17,77038,Avalanche
2021-11-17,4205,Optimism
2021-11-17,267343,Polygon
2021-11-16,64337,Avalanche
2021-11-16,2770,Optimism
2021-11-16,282178,Polygon
2021-11-15,69710,Avalanche
2021-11-15,2276,Optimism
2021-11-15,341283,Polygon
2021-11-14,61588,Avalanche
2021-11-14,2563,Optimism
2021-11-14,273766,Polygon
2021-11-13,65007,Avalanche
2021-11-13,3065,Optimism
2021-11-13,257423,Polygon
2021-11-12,50327,Avalanche
2021-11-12,1821,Optimism
2021-11-12,291324,Polygon
2021-11-11,54225,Avalanche
2021-11-11,19,Optimism
2021-11-11,272927,Polygon
2021-11-10,62112,Avalanche
2021-11-10,276136,Polygon
2021-11-09,65532,Avalanche
2021-11-09,299853,Polygon
2021-11-08,69258,Avalanche
2021-11-08,447983,Polygon
2021-11-07,42004,Avalanche
2021-11-07,251406,Polygon
2021-11-06,36702,Avalanche
2021-11-06,220014,Polygon
2021-11-05,42648,Avalanche
2021-11-05,233520,Polygon
2021-11-04,44721,Avalanche
2021-11-04,252784,Polygon
2021-11-03,46114,Avalanche
2021-11-03,278919,Polygon
2021-11-02,44889,Avalanche
2021-11-02,315573,Polygon
2021-11-01,37399,Avalanche
2021-11-01,354234,Polygon
2021-10-31,41482,Avalanche
2021-10-31,214360,Polygon
2021-10-30,41331,Avalanche
2021-10-30,210720,Polygon
2021-10-29,47351,Avalanche
2021-10-29,218188,Polygon
2021-10-28,47082,Avalanche
2021-10-28,236695,Polygon
2021-10-27,50955,Avalanche
2021-10-27,254007,Polygon
2021-10-26,59867,Avalanche
2021-10-26,272175,Polygon
2021-10-25,57544,Avalanche
2021-10-25,322471,Polygon
2021-10-24,59885,Avalanche
2021-10-24,239049,Polygon
2021-10-23,34684,Avalanche
2021-10-23,219903,Polygon
2021-10-22,39499,Avalanche
2021-10-22,220112,Polygon
2021-10-21,34172,Avalanche
2021-10-21,218003,Polygon
2021-10-20,31322,Avalanche
2021-10-20,214072,Polygon
2021-10-19,26197,Avalanche
2021-10-19,414375,Polygon
2021-10-18,29537,Avalanche
2021-10-18,476934,Polygon
2021-10-17,21344,Avalanche
2021-10-17,369928,Polygon
2021-10-16,21893,Avalanche
2021-10-16,365171,Polygon
2021-10-15,27668,Avalanche
2021-10-15,345413,Polygon
2021-10-14,24304,Avalanche
2021-10-14,422452,Polygon
2021-10-13,27100,Avalanche
2021-10-13,441159,Polygon
2021-10-12,27191,Avalanche
2021-10-12,263911,Polygon
2021-10-11,30809,Avalanche
2021-10-11,368601,Polygon
2021-10-10,28432,Avalanche
2021-10-10,366125,Polygon
2021-10-09,21450,Avalanche
2021-10-09,345497,Polygon
2021-10-08,24453,Avalanche
2021-10-08,373390,Polygon
2021-10-07,22711,Avalanche
2021-10-07,400685,Polygon
2021-10-06,25560,Avalanche
2021-10-06,381820,Polygon
2021-10-05,28381,Avalanche
2021-10-05,400831,Polygon
2021-10-04,28190,Avalanche
2021-10-04,450302,Polygon
2021-10-03,20938,Avalanche
2021-10-03,487367,Polygon
2021-10-02,19306,Avalanche
2021-10-02,495396,Polygon
2021-10-01,22611,Avalanche
2021-10-01,418025,Polygon
2021-09-30,22052,Avalanche
2021-09-30,307138,Polygon
2021-09-29,20248,Avalanche
2021-09-29,321437,Polygon
2021-09-28,20690,Avalanche
2021-09-28,326570,Polygon
2021-09-27,26827,Avalanche
2021-09-27,350998,Polygon
2021-09-26,18382,Avalanche
2021-09-26,300686,Polygon
2021-09-25,18924,Avalanche
2021-09-25,261577,Polygon
2021-09-24,22172,Avalanche
2021-09-24,248037,Polygon
2021-09-23,27403,Avalanche
2021-09-23,242710,Polygon
2021-09-22,21480,Avalanche
2021-09-22,207155,Polygon
2021-09-21,17195,Avalanche
2021-09-21,187662,Polygon
2021-09-20,21112,Avalanche
2021-09-20,186091,Polygon
2021-09-19,23396,Avalanche
2021-09-19,182637,Polygon
2021-09-18,21930,Avalanche
2021-09-18,183877,Polygon
2021-09-17,21380,Avalanche
2021-09-17,191987,Polygon
2021-09-16,22181,Avalanche
2021-09-16,189615,Polygon
2021-09-15,18575,Avalanche
2021-09-15,191398,Polygon
2021-09-14,19071,Avalanche
2021-09-14,175368,Polygon
2021-09-13,17535,Avalanche
2021-09-13,141845,Polygon
2021-09-12,24007,Avalanche
2021-09-12,146400,Polygon
2021-09-11,19674,Avalanche
2021-09-11,148992,Polygon
2021-09-10,12445,Avalanche
2021-09-10,159742,Polygon
2021-09-09,13256,Avalanche
2021-09-09,144188,Polygon
2021-09-08,13358,Avalanche
2021-09-08,145981,Polygon
2021-09-07,12281,Avalanche
2021-09-07,140850,Polygon
2021-09-06,11797,Avalanche
2021-09-06,141234,Polygon
2021-09-05,10825,Avalanche
2021-09-05,137101,Polygon
2021-09-04,14027,Avalanche
2021-09-04,150863,Polygon
2021-09-03,14180,Avalanche
2021-09-03,166986,Polygon
2021-09-02,15888,Avalanche
2021-09-02,150168,Polygon
2021-09-01,14351,Avalanche
2021-09-01,140205,Polygon
2021-08-31,13914,Avalanche
2021-08-31,139487,Polygon
2021-08-30,16009,Avalanche
2021-08-30,132617,Polygon
2021-08-29,15154,Avalanche
2021-08-29,122946,Polygon
2021-08-28,17773,Avalanche
2021-08-28,121630,Polygon
2021-08-27,18222,Avalanche
2021-08-27,127387,Polygon
2021-08-26,16724,Avalanche
2021-08-26,127936,Polygon
2021-08-25,19827,Avalanche
2021-08-25,120619,Polygon
2021-08-24,14464,Avalanche
2021-08-24,122515,Polygon
2021-08-23,13771,Avalanche
2021-08-23,134743,Polygon
2021-08-22,9584,Avalanche
2021-08-22,120689,Polygon
2021-08-21,14334,Avalanche
2021-08-21,118952,Polygon
2021-08-20,8464,Avalanche
2021-08-20,116417,Polygon
2021-08-19,9467,Avalanche
2021-08-19,110446,Polygon
2021-08-18,3996,Avalanche
2021-08-18,115208,Polygon
2021-08-17,3409,Avalanche
2021-08-17,117837,Polygon
2021-08-16,3264,Avalanche
2021-08-16,121205,Polygon
2021-08-15,1773,Avalanche
2021-08-15,118384,Polygon
2021-08-14,1955,Avalanche
2021-08-14,110660,Polygon
2021-08-13,2052,Avalanche
2021-08-13,122547,Polygon
2021-08-12,1964,Avalanche
2021-08-12,115163,Polygon
2021-08-11,3042,Avalanche
2021-08-11,127149,Polygon
2021-08-10,3858,Avalanche
2021-08-10,127899,Polygon
2021-08-09,1939,Avalanche
2021-08-09,126501,Polygon
2021-08-08,1348,Avalanche
2021-08-08,146237,Polygon
2021-08-07,1536,Avalanche
2021-08-07,120998,Polygon
2021-08-06,1546,Avalanche
2021-08-06,116988,Polygon
2021-08-05,1578,Avalanche
2021-08-05,118886,Polygon
2021-08-04,1735,Avalanche
2021-08-04,140110,Polygon
2021-08-03,1652,Avalanche
2021-08-03,144236,Polygon
2021-08-02,1762,Avalanche
2021-08-02,126196,Polygon
2021-08-01,1635,Avalanche
2021-08-01,166663,Polygon
2021-07-31,1579,Avalanche
2021-07-31,122749,Polygon
2021-07-30,1896,Avalanche
2021-07-30,113176,Polygon
2021-07-29,2230,Avalanche
2021-07-29,158779,Polygon
2021-07-28,1678,Avalanche
2021-07-28,117126,Polygon
2021-07-27,1722,Avalanche
2021-07-27,97898,Polygon
2021-07-26,2251,Avalanche
2021-07-26,103043,Polygon
2021-07-25,1313,Avalanche
2021-07-25,92945,Polygon
2021-07-24,1389,Avalanche
2021-07-24,101216,Polygon
2021-07-23,1357,Avalanche
2021-07-23,105899,Polygon
2021-07-22,1416,Avalanche
2021-07-22,110364,Polygon
2021-07-21,1587,Avalanche
2021-07-21,105422,Polygon
2021-07-20,1438,Avalanche
2021-07-20,101852,Polygon
2021-07-19,1693,Avalanche
2021-07-19,110784,Polygon
2021-07-18,1469,Avalanche
2021-07-18,93176,Polygon
2021-07-17,1432,Avalanche
2021-07-17,92559,Polygon
2021-07-16,1786,Avalanche
2021-07-16,93326,Polygon
2021-07-15,2082,Avalanche
2021-07-15,92986,Polygon
2021-07-14,1578,Avalanche
2021-07-14,91561,Polygon
2021-07-13,1668,Avalanche
2021-07-13,101626,Polygon
2021-07-12,1946,Avalanche
2021-07-12,124229,Polygon
2021-07-11,1510,Avalanche
2021-07-11,86062,Polygon
2021-07-10,1486,Avalanche
2021-07-10,88250,Polygon
2021-07-09,1708,Avalanche
2021-07-09,108889,Polygon
2021-07-08,1827,Avalanche
2021-07-08,83404,Polygon
2021-07-07,1941,Avalanche
2021-07-07,91140,Polygon
2021-07-06,2014,Avalanche
2021-07-06,102895,Polygon
2021-07-05,1816,Avalanche
2021-07-05,111148,Polygon
2021-07-04,1852,Avalanche
2021-07-04,87758,Polygon
2021-07-03,1975,Avalanche
2021-07-03,83808,Polygon
2021-07-02,1755,Avalanche
2021-07-02,84802,Polygon
2021-07-01,1620,Avalanche
2021-07-01,93349,Polygon
2021-06-30,1784,Avalanche
2021-06-30,89493,Polygon
2021-06-29,2055,Avalanche
2021-06-29,104247,Polygon
2021-06-28,1743,Avalanche
2021-06-28,88556,Polygon
2021-06-27,1581,Avalanche
2021-06-27,82840,Polygon
2021-06-26,1390,Avalanche
2021-06-26,74634,Polygon
2021-06-25,1538,Avalanche
2021-06-25,86380,Polygon
2021-06-24,1730,Avalanche
2021-06-24,88291,Polygon
2021-06-23,1779,Avalanche
2021-06-23,90462,Polygon
2021-06-22,2003,Avalanche
2021-06-22,90953,Polygon
2021-06-21,2375,Avalanche
2021-06-21,91617,Polygon
2021-06-20,2346,Avalanche
2021-06-20,83335,Polygon
2021-06-19,2056,Avalanche
2021-06-19,84672,Polygon
2021-06-18,2307,Avalanche
2021-06-18,94013,Polygon
2021-06-17,2728,Avalanche
2021-06-17,114122,Polygon
2021-06-16,3024,Avalanche
2021-06-16,112771,Polygon
2021-06-15,3436,Avalanche
2021-06-15,107388,Polygon
2021-06-14,3826,Avalanche
2021-06-14,87268,Polygon
2021-06-13,2593,Avalanche
2021-06-13,67772,Polygon
2021-06-12,1759,Avalanche
2021-06-12,65618,Polygon
2021-06-11,2118,Avalanche
2021-06-11,76578,Polygon
2021-06-10,2361,Avalanche
2021-06-10,69268,Polygon
2021-06-09,2358,Avalanche
2021-06-09,62135,Polygon
2021-06-08,2326,Avalanche
2021-06-08,58334,Polygon
2021-06-07,2683,Avalanche
2021-06-07,62625,Polygon
2021-06-06,1992,Avalanche
2021-06-06,46257,Polygon
2021-06-05,2167,Avalanche
2021-06-05,48329,Polygon
2021-06-04,2512,Avalanche
2021-06-04,48347,Polygon
2021-06-03,3166,Avalanche
2021-06-03,52676,Polygon
2021-06-02,4205,Avalanche
2021-06-02,66837,Polygon
2021-06-01,8365,Avalanche
2021-06-01,49810,Polygon
2021-05-31,2673,Avalanche
2021-05-31,44502,Polygon
2021-05-30,2679,Avalanche
2021-05-30,40141,Polygon
2021-05-29,3287,Avalanche
2021-05-29,37668,Polygon
2021-05-28,2202,Avalanche
2021-05-28,41682,Polygon
2021-05-27,2358,Avalanche
2021-05-27,43212,Polygon
2021-05-26,2662,Avalanche
2021-05-26,41439,Polygon
2021-05-25,2734,Avalanche
2021-05-25,37692,Polygon
2021-05-24,3082,Avalanche
2021-05-24,34969,Polygon
2021-05-23,2698,Avalanche
2021-05-23,29468,Polygon
2021-05-22,2463,Avalanche
2021-05-22,28417,Polygon
2021-05-21,3211,Avalanche
2021-05-21,34134,Polygon
2021-05-20,3513,Avalanche
2021-05-20,35345,Polygon
2021-05-19,4223,Avalanche
2021-05-19,37422,Polygon
2021-05-18,4417,Avalanche
2021-05-18,38529,Polygon
2021-05-17,5192,Avalanche
2021-05-17,29368,Polygon
2021-05-16,5080,Avalanche
2021-05-16,29361,Polygon
2021-05-15,5307,Avalanche
2021-05-15,28413,Polygon
2021-05-14,10211,Avalanche
2021-05-14,44606,Polygon
2021-05-13,7098,Avalanche
2021-05-13,22941,Polygon
2021-05-12,4880,Avalanche
2021-05-12,25319,Polygon
2021-05-11,4468,Avalanche
2021-05-11,21624,Polygon
2021-05-10,4669,Avalanche
2021-05-10,21074,Polygon
2021-05-09,4391,Avalanche
2021-05-09,22068,Polygon
2021-05-08,5010,Avalanche
2021-05-08,19868,Polygon
2021-05-07,5708,Avalanche
2021-05-07,23355,Polygon
2021-05-06,4351,Avalanche
2021-05-06,21367,Polygon
2021-05-05,4068,Avalanche
2021-05-05,20759,Polygon
2021-05-04,4423,Avalanche
2021-05-04,20843,Polygon
2021-05-03,5932,Avalanche
2021-05-03,22206,Polygon
2021-05-02,6077,Avalanche
2021-05-02,21545,Polygon
2021-05-01,9694,Avalanche
2021-05-01,18377,Polygon
2021-04-30,7954,Avalanche
2021-04-30,18188,Polygon
2021-04-29,3560,Avalanche
2021-04-29,15117,Polygon
2021-04-28,2725,Avalanche
2021-04-28,16389,Polygon
2021-04-27,1771,Avalanche
2021-04-27,13685,Polygon
2021-04-26,1899,Avalanche
2021-04-26,10956,Polygon
2021-04-25,1677,Avalanche
2021-04-25,8210,Polygon
2021-04-24,1590,Avalanche
2021-04-24,7209,Polygon
2021-04-23,1924,Avalanche
2021-04-23,7451,Polygon
2021-04-22,1909,Avalanche
2021-04-22,8638,Polygon
2021-04-21,1970,Avalanche
2021-04-21,6803,Polygon
2021-04-20,2024,Avalanche
2021-04-20,6916,Polygon
2021-04-19,2366,Avalanche
2021-04-19,6439,Polygon
2021-04-18,1758,Avalanche
2021-04-18,6339,Polygon
2021-04-17,1521,Avalanche
2021-04-17,5250,Polygon
2021-04-16,1400,Avalanche
2021-04-16,5727,Polygon
2021-04-15,1786,Avalanche
2021-04-15,6703,Polygon
2021-04-14,1763,Avalanche
2021-04-14,6473,Polygon
2021-04-13,1751,Avalanche
2021-04-13,5365,Polygon
2021-04-12,1703,Avalanche
2021-04-12,5621,Polygon
2021-04-11,1587,Avalanche
2021-04-11,5916,Polygon
2021-04-10,1880,Avalanche
2021-04-10,5159,Polygon
2021-04-09,2036,Avalanche
2021-04-09,5285,Polygon
2021-04-08,2068,Avalanche
2021-04-08,5072,Polygon
2021-04-07,2128,Avalanche
2021-04-07,4832,Polygon
2021-04-06,2431,Avalanche
2021-04-06,5382,Polygon
2021-04-05,2319,Avalanche
2021-04-05,5714,Polygon
2021-04-04,2167,Avalanche
2021-04-04,4756,Polygon
2021-04-03,2171,Avalanche
2021-04-03,4395,Polygon
2021-04-02,2275,Avalanche
2021-04-02,5074,Polygon
2021-04-01,2606,Avalanche
2021-04-01,5969,Polygon
2021-03-31,2303,Avalanche
2021-03-31,7408,Polygon
2021-03-30,2151,Avalanche
2021-03-30,5236,Polygon
2021-03-29,2446,Avalanche
2021-03-29,5945,Polygon
2021-03-28,10331,Avalanche
2021-03-28,5483,Polygon
2021-03-27,3111,Avalanche
2021-03-27,4420,Polygon
2021-03-26,1891,Avalanche
2021-03-26,4249,Polygon
2021-03-25,1529,Avalanche
2021-03-25,4136,Polygon
2021-03-24,1970,Avalanche
2021-03-24,5100,Polygon
2021-03-23,2636,Avalanche
2021-03-23,4479,Polygon
2021-03-22,3011,Avalanche
2021-03-22,4851,Polygon
2021-03-21,2045,Avalanche
2021-03-21,5467,Polygon
2021-03-20,3026,Avalanche
2021-03-20,4487,Polygon
2021-03-19,3353,Avalanche
2021-03-19,4184,Polygon
2021-03-18,2377,Avalanche
2021-03-18,4115,Polygon
2021-03-17,2677,Avalanche
2021-03-17,4262,Polygon
2021-03-16,2882,Avalanche
2021-03-16,4259,Polygon
2021-03-15,2457,Avalanche
2021-03-15,4534,Polygon
2021-03-14,2464,Avalanche
2021-03-14,4758,Polygon
2021-03-13,2187,Avalanche
2021-03-13,4195,Polygon
2021-03-12,2373,Avalanche
2021-03-12,4403,Polygon
2021-03-11,2343,Avalanche
2021-03-11,4370,Polygon
2021-03-10,2886,Avalanche
2021-03-10,4421,Polygon
2021-03-09,3171,Avalanche
2021-03-09,4301,Polygon
2021-03-08,2272,Avalanche
2021-03-08,4527,Polygon
2021-03-07,2103,Avalanche
2021-03-07,4617,Polygon
2021-03-06,1902,Avalanche
2021-03-06,3889,Polygon
2021-03-05,2204,Avalanche
2021-03-05,3722,Polygon
2021-03-04,3598,Avalanche
2021-03-04,4211,Polygon
2021-03-03,4063,Avalanche
2021-03-03,4658,Polygon
2021-03-02,3208,Avalanche
2021-03-02,5889,Polygon
2021-03-01,3295,Avalanche
2021-03-01,3586,Polygon
2021-02-28,4116,Avalanche
2021-02-28,3086,Polygon
2021-02-27,3504,Avalanche
2021-02-27,2599,Polygon
2021-02-26,3353,Avalanche
2021-02-26,2387,Polygon
2021-02-25,5059,Avalanche
2021-02-25,2386,Polygon
2021-02-24,2699,Avalanche
2021-02-24,2208,Polygon
2021-02-23,1787,Avalanche
2021-02-23,1978,Polygon
2021-02-22,2451,Avalanche
2021-02-22,2188,Polygon
2021-02-21,2842,Avalanche
2021-02-21,2196,Polygon
2021-02-20,3185,Avalanche
2021-02-20,1711,Polygon
2021-02-19,3527,Avalanche
2021-02-19,1469,Polygon
2021-02-18,4137,Avalanche
2021-02-18,1649,Polygon
2021-02-17,3759,Avalanche
2021-02-17,1342,Polygon
2021-02-16,1741,Avalanche
2021-02-16,1525,Polygon
2021-02-15,1699,Avalanche
2021-02-15,1485,Polygon
2021-02-14,1088,Avalanche
2021-02-14,1288,Polygon
2021-02-13,1119,Avalanche
2021-02-13,1502,Polygon
2021-02-12,1168,Avalanche
2021-02-12,1604,Polygon
2021-02-11,319,Avalanche
2021-02-11,1376,Polygon
2021-02-10,2375,Avalanche
2021-02-10,1334,Polygon
2021-02-09,1471,Avalanche
2021-02-09,1270,Polygon
2021-02-08,358,Avalanche
2021-02-08,1229,Polygon
2021-02-07,314,Avalanche
2021-02-07,1036,Polygon
2021-02-06,282,Avalanche
2021-02-06,1056,Polygon
2021-02-05,305,Avalanche
2021-02-05,1092,Polygon
2021-02-04,328,Avalanche
2021-02-04,890,Polygon
2021-02-03,314,Avalanche
2021-02-03,988,Polygon
2021-02-02,37,Avalanche
2021-02-02,888,Polygon
2021-02-01,20,Avalanche
2021-02-01,976,Polygon
2021-01-31,32,Avalanche
2021-01-31,1042,Polygon
2021-01-30,35,Avalanche
2021-01-30,1173,Polygon
2021-01-29,33,Avalanche
2021-01-29,1439,Polygon
2021-01-28,34,Avalanche
2021-01-28,961,Polygon
2021-01-27,49,Avalanche
2021-01-27,971,Polygon
2021-01-26,22,Avalanche
2021-01-26,1041,Polygon
2021-01-25,23,Avalanche
2021-01-25,1003,Polygon
2021-01-24,5,Avalanche
2021-01-24,971,Polygon
2021-01-23,20,Avalanche
2021-01-23,1354,Polygon
2021-01-22,16,Avalanche
2021-01-22,2616,Polygon
2021-01-21,5,Avalanche
2021-01-21,1332,Polygon
2021-01-20,7,Avalanche
2021-01-20,989,Polygon
2021-01-19,8,Avalanche
2021-01-19,826,Polygon
2021-01-18,7,Avalanche
2021-01-18,849,Polygon
2021-01-17,5,Avalanche
2021-01-17,771,Polygon
2021-01-16,7,Avalanche
2021-01-16,744,Polygon
2021-01-15,9,Avalanche
2021-01-15,572,Polygon
2021-01-14,8,Avalanche
2021-01-14,654,Polygon
2021-01-13,2,Avalanche
2021-01-13,598,Polygon
2021-01-12,7,Avalanche
2021-01-12,667,Polygon
2021-01-11,7,Avalanche
2021-01-11,485,Polygon
2021-01-10,2,Avalanche
2021-01-10,537,Polygon
2021-01-09,6,Avalanche
2021-01-09,559,Polygon
2021-01-08,12,Avalanche
2021-01-08,531,Polygon
2021-01-07,10,Avalanche
2021-01-07,581,Polygon
2021-01-06,5,Avalanche
2021-01-06,586,Polygon
2021-01-05,1,Avalanche
2021-01-05,535,Polygon
2021-01-04,5,Avalanche
2021-01-04,488,Polygon
2021-01-03,2,Avalanche
2021-01-03,533,Polygon
2021-01-02,2,Avalanche
2021-01-02,498,Polygon
2021-01-01,8,Avalanche
2021-01-01,564,Polygon
2020-12-31,5,Avalanche
2020-12-31,517,Polygon
2020-12-30,10,Avalanche
2020-12-30,468,Polygon
2020-12-29,4,Avalanche
2020-12-29,563,Polygon
2020-12-28,5,Avalanche
2020-12-28,610,Polygon
2020-12-27,1,Avalanche
2020-12-27,587,Polygon
2020-12-26,512,Polygon
2020-12-25,436,Polygon
2020-12-24,2,Avalanche
2020-12-24,519,Polygon
2020-12-23,2,Avalanche
2020-12-23,644,Polygon
2020-12-22,9,Avalanche
2020-12-22,659,Polygon
2020-12-21,8,Avalanche
2020-12-21,576,Polygon
2020-12-20,5,Avalanche
2020-12-20,706,Polygon
2020-12-19,7,Avalanche
2020-12-19,687,Polygon
2020-12-18,3,Avalanche
2020-12-18,711,Polygon
2020-12-17,1,Avalanche
2020-12-17,538,Polygon
2020-12-16,6,Avalanche
2020-12-16,542,Polygon
2020-12-15,589,Polygon
2020-12-14,1,Avalanche
2020-12-14,507,Polygon
2020-12-13,1,Avalanche
2020-12-13,442,Polygon
2020-12-12,464,Polygon
2020-12-11,1,Avalanche
2020-12-11,502,Polygon
2020-12-10,2,Avalanche
2020-12-10,463,Polygon
2020-12-09,2,Avalanche
2020-12-09,564,Polygon
2020-12-08,4,Avalanche
2020-12-08,579,Polygon
2020-12-07,1,Avalanche
2020-12-07,652,Polygon
2020-12-06,6,Avalanche
2020-12-06,609,Polygon
2020-12-05,1,Avalanche
2020-12-05,492,Polygon
2020-12-04,544,Polygon
2020-12-03,581,Polygon
2020-12-02,540,Polygon
2020-12-01,561,Polygon
2020-11-30,545,Polygon
2020-11-29,1,Avalanche
2020-11-29,532,Polygon
2020-11-28,2,Avalanche
2020-11-28,495,Polygon
2020-11-27,497,Polygon
2020-11-26,2,Avalanche
2020-11-26,497,Polygon
2020-11-25,574,Polygon
2020-11-24,511,Polygon
2020-11-23,1,Avalanche
2020-11-23,570,Polygon
2020-11-22,510,Polygon
2020-11-21,479,Polygon
2020-11-20,3,Avalanche
2020-11-20,547,Polygon
2020-11-19,1,Avalanche
2020-11-19,649,Polygon
2020-11-18,2,Avalanche
2020-11-18,460,Polygon
2020-11-17,6,Avalanche
2020-11-17,495,Polygon
2020-11-16,1,Avalanche
2020-11-16,523,Polygon
2020-11-15,488,Polygon
2020-11-14,1,Avalanche
2020-11-14,500,Polygon
2020-11-13,4,Avalanche
2020-11-13,572,Polygon
2020-11-12,2,Avalanche
2020-11-12,508,Polygon
2020-11-11,3,Avalanche
2020-11-11,578,Polygon
2020-11-10,2,Avalanche
2020-11-10,618,Polygon
2020-11-09,2,Avalanche
2020-11-09,694,Polygon
2020-11-08,1,Avalanche
2020-11-08,655,Polygon
2020-11-07,499,Polygon
2020-11-06,1,Avalanche
2020-11-06,540,Polygon
2020-11-05,4,Avalanche
2020-11-05,513,Polygon
2020-11-04,2,Avalanche
2020-11-04,505,Polygon
2020-11-03,3,Avalanche
2020-11-03,594,Polygon
2020-11-02,3,Avalanche
2020-11-02,594,Polygon
2020-11-01,1,Avalanche
2020-11-01,576,Polygon
2020-10-31,551,Polygon
2020-10-30,2,Avalanche
2020-10-30,612,Polygon
2020-10-29,2,Avalanche
2020-10-29,557,Polygon
2020-10-28,1,Avalanche
2020-10-28,573,Polygon
2020-10-27,1,Avalanche
2020-10-27,638,Polygon
2020-10-26,524,Polygon
2020-10-25,591,Polygon
2020-10-24,603,Polygon
2020-10-23,5,Avalanche
2020-10-23,708,Polygon
2020-10-22,1,Avalanche
2020-10-22,655,Polygon
2020-10-21,3,Avalanche
2020-10-21,764,Polygon
2020-10-20,1,Avalanche
2020-10-20,793,Polygon
2020-10-19,1,Avalanche
2020-10-19,502,Polygon
2020-10-18,1,Avalanche
2020-10-18,509,Polygon
2020-10-17,1,Avalanche
2020-10-17,420,Polygon
2020-10-16,2,Avalanche
2020-10-16,462,Polygon
2020-10-15,1,Avalanche
2020-10-15,502,Polygon
2020-10-14,3,Avalanche
2020-10-14,538,Polygon
2020-10-13,5,Avalanche
2020-10-13,591,Polygon
2020-10-12,1,Avalanche
2020-10-12,640,Polygon
2020-10-11,1,Avalanche
2020-10-11,600,Polygon
2020-10-10,574,Polygon
2020-10-09,599,Polygon
2020-10-08,4,Avalanche
2020-10-08,791,Polygon
2020-10-07,4,Avalanche
2020-10-07,612,Polygon
2020-10-06,3,Avalanche
2020-10-06,520,Polygon
2020-10-05,545,Polygon
2020-10-04,3,Avalanche
2020-10-04,570,Polygon
2020-10-03,1,Avalanche
2020-10-03,570,Polygon
2020-10-02,5,Avalanche
2020-10-02,677,Polygon
2020-10-01,9,Avalanche
2020-10-01,2497,Polygon
2020-09-30,5,Avalanche
2020-09-30,701,Polygon
2020-09-29,4,Avalanche
2020-09-29,324,Polygon
2020-09-28,1,Avalanche
2020-09-28,306,Polygon
2020-09-27,1,Avalanche
2020-09-27,324,Polygon
2020-09-26,296,Polygon
2020-09-25,1,Avalanche
2020-09-25,97889,Polygon
2020-09-24,1,Avalanche
2020-09-24,3354,Polygon
2020-09-23,1,Avalanche
2020-09-23,283,Polygon
2020-09-22,301,Polygon
2020-09-21,218,Polygon
2020-09-20,246,Polygon
2020-09-19,312,Polygon
2020-09-18,225,Polygon
2020-09-17,229,Polygon
2020-09-16,261,Polygon
2020-09-15,265,Polygon
2020-09-14,328,Polygon
2020-09-13,286,Polygon
2020-09-12,255,Polygon
2020-09-11,246,Polygon
2020-09-10,263,Polygon
2020-09-09,232,Polygon
2020-09-08,229,Polygon
2020-09-07,225,Polygon
2020-09-06,211,Polygon
2020-09-05,237,Polygon
2020-09-04,228,Polygon
2020-09-03,240,Polygon
2020-09-02,229,Polygon
2020-09-01,234,Polygon
2020-08-31,203,Polygon
2020-08-30,246,Polygon
2020-08-29,197,Polygon
2020-08-28,207,Polygon
2020-08-27,197,Polygon
2020-08-26,212,Polygon
2020-08-25,199,Polygon
2020-08-24,187,Polygon
2020-08-23,191,Polygon
2020-08-22,153,Polygon
2020-08-21,202,Polygon
2020-08-20,164,Polygon
2020-08-19,169,Polygon
2020-08-18,233,Polygon
2020-08-17,290,Polygon
2020-08-16,183,Polygon
2020-08-15,178,Polygon
2020-08-14,169,Polygon
2020-08-13,152,Polygon
2020-08-12,168,Polygon
2020-08-11,164,Polygon
2020-08-10,160,Polygon
2020-08-09,144,Polygon
2020-08-08,149,Polygon
2020-08-07,148,Polygon
2020-08-06,168,Polygon
2020-08-05,141,Polygon
2020-08-04,156,Polygon
2020-08-03,157,Polygon
2020-08-02,58,Polygon
2020-08-01,80,Polygon
2020-07-31,46,Polygon
2020-07-30,30,Polygon
2020-07-29,35,Polygon
2020-07-28,27,Polygon
2020-07-27,44,Polygon
2020-07-26,30,Polygon
2020-07-25,22,Polygon
2020-07-24,31,Polygon
2020-07-23,27,Polygon
2020-07-22,7,Polygon
2020-07-21,5,Polygon
2020-07-20,14,Polygon
2020-07-19,8,Polygon
2020-07-18,3,Polygon
2020-07-17,5,Polygon
2020-07-16,7,Polygon
2020-07-15,6,Polygon
2020-07-14,1,Polygon
2020-07-13,3,Polygon
2020-07-12,7,Polygon
2020-07-11,10,Polygon
2020-07-10,1,Polygon
2020-07-09,5,Polygon
2020-07-08,4,Polygon
2020-07-07,5,Polygon
2020-07-06,3,Polygon
2020-07-05,2,Polygon
2020-07-04,2,Polygon
2020-07-03,6,Polygon
2020-07-02,3,Polygon
2020-07-01,1,Polygon
2020-06-30,4,Polygon
2020-06-29,2,Polygon
2020-06-28,1,Polygon
2020-06-27,1,Polygon
2020-06-24,1,Polygon
2020-06-23,3,Polygon
2020-06-21,5,Polygon
2020-06-20,11,Polygon
2020-06-19,5,Polygon
2020-06-18,4,Polygon
2020-06-16,1,Polygon
2020-06-15,3,Polygon
2020-06-12,3,Polygon
2020-05-30,3,Polygon
