Date,Values,Blockchain
2023-08-10,66280,Arbitrum
2023-08-10,29417,Avalanche
2023-08-10,222409,Ethereum
2023-08-10,83520,Optimism
2023-08-10,115633,Polygon
2023-08-10,82089,Solana
2023-08-09,75349,Arbitrum
2023-08-09,31390,Avalanche
2023-08-09,210641,Ethereum
2023-08-09,90441,Optimism
2023-08-09,134120,Polygon
2023-08-09,101286,Solana
2023-08-08,76929,Arbitrum
2023-08-08,34485,Avalanche
2023-08-08,217285,Ethereum
2023-08-08,136534,Optimism
2023-08-08,140905,Polygon
2023-08-08,121673,Solana
2023-08-07,74557,Arbitrum
2023-08-07,36762,Avalanche
2023-08-07,218776,Ethereum
2023-08-07,75679,Optimism
2023-08-07,140063,Polygon
2023-08-07,116532,Solana
2023-08-06,61257,Arbitrum
2023-08-06,37297,Avalanche
2023-08-06,186657,Ethereum
2023-08-06,74115,Optimism
2023-08-06,123679,Polygon
2023-08-06,109832,Solana
2023-08-05,59663,Arbitrum
2023-08-05,35478,Avalanche
2023-08-05,199446,Ethereum
2023-08-05,83255,Optimism
2023-08-05,120818,Polygon
2023-08-05,81335,Solana
2023-08-04,77124,Arbitrum
2023-08-04,38950,Avalanche
2023-08-04,194542,Ethereum
2023-08-04,100949,Optimism
2023-08-04,137435,Polygon
2023-08-04,90051,Solana
2023-08-03,75860,Arbitrum
2023-08-03,38092,Avalanche
2023-08-03,212202,Ethereum
2023-08-03,100244,Optimism
2023-08-03,148360,Polygon
2023-08-03,91635,Solana
2023-08-02,77609,Arbitrum
2023-08-02,38075,Avalanche
2023-08-02,234005,Ethereum
2023-08-02,100992,Optimism
2023-08-02,144661,Polygon
2023-08-02,96589,Solana
2023-08-01,89811,Arbitrum
2023-08-01,35562,Avalanche
2023-08-01,215065,Ethereum
2023-08-01,109991,Optimism
2023-08-01,152939,Polygon
2023-08-01,120752,Solana
2023-07-31,85261,Arbitrum
2023-07-31,45725,Avalanche
2023-07-31,181047,Ethereum
2023-07-31,107217,Optimism
2023-07-31,132895,Polygon
2023-07-31,110557,Solana
2023-07-30,72407,Arbitrum
2023-07-30,44977,Avalanche
2023-07-30,170512,Ethereum
2023-07-30,96428,Optimism
2023-07-30,138843,Polygon
2023-07-30,85181,Solana
2023-07-29,9311,Arbitrum
2023-07-29,37536,Avalanche
2023-07-29,213724,Ethereum
2023-07-29,92125,Optimism
2023-07-29,124670,Polygon
2023-07-29,72657,Solana
2023-07-28,27762,Arbitrum
2023-07-28,42779,Avalanche
2023-07-28,238935,Ethereum
2023-07-28,85843,Optimism
2023-07-28,119820,Polygon
2023-07-28,96056,Solana
2023-07-27,71360,Arbitrum
2023-07-27,46256,Avalanche
2023-07-27,239209,Ethereum
2023-07-27,70508,Optimism
2023-07-27,122517,Polygon
2023-07-27,136264,Solana
2023-07-26,84437,Arbitrum
2023-07-26,53789,Avalanche
2023-07-26,224694,Ethereum
2023-07-26,70803,Optimism
2023-07-26,143873,Polygon
2023-07-26,155486,Solana
2023-07-25,73424,Arbitrum
2023-07-25,58983,Avalanche
2023-07-25,245643,Ethereum
2023-07-25,62612,Optimism
2023-07-25,117347,Polygon
2023-07-25,113470,Solana
2023-07-24,89395,Arbitrum
2023-07-24,56901,Avalanche
2023-07-24,251255,Ethereum
2023-07-24,60763,Optimism
2023-07-24,127817,Polygon
2023-07-24,132376,Solana
2023-07-23,78734,Arbitrum
2023-07-23,51567,Avalanche
2023-07-23,240571,Ethereum
2023-07-23,50786,Optimism
2023-07-23,112798,Polygon
2023-07-23,97710,Solana
2023-07-22,69032,Arbitrum
2023-07-22,54811,Avalanche
2023-07-22,231309,Ethereum
2023-07-22,46795,Optimism
2023-07-22,115184,Polygon
2023-07-22,91498,Solana
2023-07-21,84682,Arbitrum
2023-07-21,50345,Avalanche
2023-07-21,235060,Ethereum
2023-07-21,47575,Optimism
2023-07-21,128940,Polygon
2023-07-21,116945,Solana
2023-07-20,101868,Arbitrum
2023-07-20,48925,Avalanche
2023-07-20,238929,Ethereum
2023-07-20,57270,Optimism
2023-07-20,149796,Polygon
2023-07-20,133080,Solana
2023-07-19,103926,Arbitrum
2023-07-19,53241,Avalanche
2023-07-19,229028,Ethereum
2023-07-19,62477,Optimism
2023-07-19,134833,Polygon
2023-07-19,160039,Solana
2023-07-18,112614,Arbitrum
2023-07-18,45778,Avalanche
2023-07-18,203380,Ethereum
2023-07-18,62547,Optimism
2023-07-18,146785,Polygon
2023-07-18,156122,Solana
2023-07-17,132530,Arbitrum
2023-07-17,50090,Avalanche
2023-07-17,234172,Ethereum
2023-07-17,64832,Optimism
2023-07-17,163265,Polygon
2023-07-17,201858,Solana
2023-07-16,103403,Arbitrum
2023-07-16,46401,Avalanche
2023-07-16,216393,Ethereum
2023-07-16,65045,Optimism
2023-07-16,128519,Polygon
2023-07-16,163077,Solana
2023-07-15,111409,Arbitrum
2023-07-15,46644,Avalanche
2023-07-15,183939,Ethereum
2023-07-15,74837,Optimism
2023-07-15,129747,Polygon
2023-07-15,217561,Solana
2023-07-14,168438,Arbitrum
2023-07-14,74265,Avalanche
2023-07-14,197454,Ethereum
2023-07-14,84165,Optimism
2023-07-14,197198,Polygon
2023-07-14,312680,Solana
2023-07-13,129724,Arbitrum
2023-07-13,54238,Avalanche
2023-07-13,213827,Ethereum
2023-07-13,61373,Optimism
2023-07-13,189488,Polygon
2023-07-13,219764,Solana
2023-07-12,96634,Arbitrum
2023-07-12,50037,Avalanche
2023-07-12,207732,Ethereum
2023-07-12,47758,Optimism
2023-07-12,147122,Polygon
2023-07-12,123616,Solana
2023-07-11,94057,Arbitrum
2023-07-11,48996,Avalanche
2023-07-11,211690,Ethereum
2023-07-11,45710,Optimism
2023-07-11,148441,Polygon
2023-07-11,157661,Solana
2023-07-10,106104,Arbitrum
2023-07-10,51142,Avalanche
2023-07-10,210801,Ethereum
2023-07-10,52827,Optimism
2023-07-10,177156,Polygon
2023-07-10,162545,Solana
2023-07-09,85997,Arbitrum
2023-07-09,49538,Avalanche
2023-07-09,213574,Ethereum
2023-07-09,46274,Optimism
2023-07-09,129778,Polygon
2023-07-09,117316,Solana
2023-07-08,85119,Arbitrum
2023-07-08,52370,Avalanche
2023-07-08,219675,Ethereum
2023-07-08,44147,Optimism
2023-07-08,118452,Polygon
2023-07-08,169644,Solana
2023-07-07,103677,Arbitrum
2023-07-07,47094,Avalanche
2023-07-07,248674,Ethereum
2023-07-07,44442,Optimism
2023-07-07,138282,Polygon
2023-07-07,249731,Solana
2023-07-06,117846,Arbitrum
2023-07-06,47993,Avalanche
2023-07-06,203861,Ethereum
2023-07-06,54415,Optimism
2023-07-06,165354,Polygon
2023-07-06,247661,Solana
2023-07-05,86486,Arbitrum
2023-07-05,41963,Avalanche
2023-07-05,144278,Ethereum
2023-07-05,43078,Optimism
2023-07-05,138224,Polygon
2023-07-05,121261,Solana
2023-07-04,109106,Arbitrum
2023-07-04,49829,Avalanche
2023-07-04,163397,Ethereum
2023-07-04,59262,Optimism
2023-07-04,139246,Polygon
2023-07-04,128866,Solana
2023-07-03,129241,Arbitrum
2023-07-03,54641,Avalanche
2023-07-03,197922,Ethereum
2023-07-03,66319,Optimism
2023-07-03,163220,Polygon
2023-07-03,120728,Solana
2023-07-02,110743,Arbitrum
2023-07-02,47529,Avalanche
2023-07-02,177637,Ethereum
2023-07-02,66612,Optimism
2023-07-02,144030,Polygon
2023-07-02,174879,Solana
2023-07-01,99365,Arbitrum
2023-07-01,46499,Avalanche
2023-07-01,186206,Ethereum
2023-07-01,58623,Optimism
2023-07-01,139224,Polygon
2023-07-01,141313,Solana
2023-06-30,192267,Arbitrum
2023-06-30,62736,Avalanche
2023-06-30,199763,Ethereum
2023-06-30,81916,Optimism
2023-06-30,204276,Polygon
2023-06-30,328921,Solana
2023-06-29,118991,Arbitrum
2023-06-29,53110,Avalanche
2023-06-29,225934,Ethereum
2023-06-29,63972,Optimism
2023-06-29,151104,Polygon
2023-06-29,239506,Solana
2023-06-28,136178,Arbitrum
2023-06-28,50533,Avalanche
2023-06-28,188456,Ethereum
2023-06-28,65854,Optimism
2023-06-28,152865,Polygon
2023-06-28,153241,Solana
2023-06-27,152023,Arbitrum
2023-06-27,52015,Avalanche
2023-06-27,158988,Ethereum
2023-06-27,66849,Optimism
2023-06-27,154764,Polygon
2023-06-27,166726,Solana
2023-06-26,168170,Arbitrum
2023-06-26,51158,Avalanche
2023-06-26,152136,Ethereum
2023-06-26,67369,Optimism
2023-06-26,152515,Polygon
2023-06-26,166702,Solana
2023-06-25,121319,Arbitrum
2023-06-25,51345,Avalanche
2023-06-25,148000,Ethereum
2023-06-25,73175,Optimism
2023-06-25,154458,Polygon
2023-06-25,165454,Solana
2023-06-24,97325,Arbitrum
2023-06-24,45847,Avalanche
2023-06-24,143996,Ethereum
2023-06-24,54238,Optimism
2023-06-24,133584,Polygon
2023-06-24,164471,Solana
2023-06-23,136202,Arbitrum
2023-06-23,48622,Avalanche
2023-06-23,178788,Ethereum
2023-06-23,62268,Optimism
2023-06-23,148911,Polygon
2023-06-23,194635,Solana
2023-06-22,141337,Arbitrum
2023-06-22,60715,Avalanche
2023-06-22,168917,Ethereum
2023-06-22,71917,Optimism
2023-06-22,154795,Polygon
2023-06-22,153599,Solana
2023-06-21,163978,Arbitrum
2023-06-21,65098,Avalanche
2023-06-21,179427,Ethereum
2023-06-21,77751,Optimism
2023-06-21,176615,Polygon
2023-06-21,158382,Solana
2023-06-20,126789,Arbitrum
2023-06-20,57678,Avalanche
2023-06-20,165647,Ethereum
2023-06-20,68523,Optimism
2023-06-20,148400,Polygon
2023-06-20,124911,Solana
2023-06-19,96608,Arbitrum
2023-06-19,51717,Avalanche
2023-06-19,157126,Ethereum
2023-06-19,49931,Optimism
2023-06-19,143205,Polygon
2023-06-19,91842,Solana
2023-06-18,88190,Arbitrum
2023-06-18,45943,Avalanche
2023-06-18,148934,Ethereum
2023-06-18,47506,Optimism
2023-06-18,128157,Polygon
2023-06-18,86823,Solana
2023-06-17,90153,Arbitrum
2023-06-17,44290,Avalanche
2023-06-17,171754,Ethereum
2023-06-17,48954,Optimism
2023-06-17,150915,Polygon
2023-06-17,95506,Solana
2023-06-16,111541,Arbitrum
2023-06-16,46227,Avalanche
2023-06-16,176594,Ethereum
2023-06-16,53540,Optimism
2023-06-16,155010,Polygon
2023-06-16,111902,Solana
2023-06-15,117575,Arbitrum
2023-06-15,49197,Avalanche
2023-06-15,165181,Ethereum
2023-06-15,56119,Optimism
2023-06-15,174758,Polygon
2023-06-15,138357,Solana
2023-06-14,126308,Arbitrum
2023-06-14,52749,Avalanche
2023-06-14,154876,Ethereum
2023-06-14,56013,Optimism
2023-06-14,146666,Polygon
2023-06-14,131131,Solana
2023-06-13,133038,Arbitrum
2023-06-13,54746,Avalanche
2023-06-13,151340,Ethereum
2023-06-13,69878,Optimism
2023-06-13,157638,Polygon
2023-06-13,140149,Solana
2023-06-12,135135,Arbitrum
2023-06-12,61763,Avalanche
2023-06-12,160113,Ethereum
2023-06-12,72384,Optimism
2023-06-12,172849,Polygon
2023-06-12,142829,Solana
2023-06-11,109189,Arbitrum
2023-06-11,58059,Avalanche
2023-06-11,120332,Ethereum
2023-06-11,64905,Optimism
2023-06-11,180223,Polygon
2023-06-11,155446,Solana
2023-06-10,187929,Arbitrum
2023-06-10,73306,Avalanche
2023-06-10,148604,Ethereum
2023-06-10,79778,Optimism
2023-06-10,260511,Polygon
2023-06-10,340247,Solana
2023-06-09,88369,Arbitrum
2023-06-09,56618,Avalanche
2023-06-09,166756,Ethereum
2023-06-09,63454,Optimism
2023-06-09,165373,Polygon
2023-06-09,144361,Solana
2023-06-08,94314,Arbitrum
2023-06-08,55008,Avalanche
2023-06-08,189580,Ethereum
2023-06-08,51902,Optimism
2023-06-08,145138,Polygon
2023-06-08,103359,Solana
2023-06-07,113048,Arbitrum
2023-06-07,52858,Avalanche
2023-06-07,191369,Ethereum
2023-06-07,52429,Optimism
2023-06-07,156235,Polygon
2023-06-07,144265,Solana
2023-06-06,123100,Arbitrum
2023-06-06,56431,Avalanche
2023-06-06,200526,Ethereum
2023-06-06,38536,Optimism
2023-06-06,140529,Polygon
2023-06-06,127199,Solana
2023-06-05,128238,Arbitrum
2023-06-05,62041,Avalanche
2023-06-05,206048,Ethereum
2023-06-05,59995,Optimism
2023-06-05,135285,Polygon
2023-06-05,142450,Solana
2023-06-04,92932,Arbitrum
2023-06-04,55594,Avalanche
2023-06-04,181763,Ethereum
2023-06-04,45087,Optimism
2023-06-04,106735,Polygon
2023-06-04,97673,Solana
2023-06-03,91359,Arbitrum
2023-06-03,51611,Avalanche
2023-06-03,183308,Ethereum
2023-06-03,43703,Optimism
2023-06-03,103132,Polygon
2023-06-03,92888,Solana
2023-06-02,113562,Arbitrum
2023-06-02,51639,Avalanche
2023-06-02,204969,Ethereum
2023-06-02,44521,Optimism
2023-06-02,128853,Polygon
2023-06-02,83201,Solana
2023-06-01,100915,Arbitrum
2023-06-01,58935,Avalanche
2023-06-01,225610,Ethereum
2023-06-01,42869,Optimism
2023-06-01,120756,Polygon
2023-06-01,213093,Solana
2023-05-31,117041,Arbitrum
2023-05-31,78331,Avalanche
2023-05-31,218281,Ethereum
2023-05-31,53996,Optimism
2023-05-31,132275,Polygon
2023-05-31,375138,Solana
2023-05-30,111256,Arbitrum
2023-05-30,69443,Avalanche
2023-05-30,235678,Ethereum
2023-05-30,41693,Optimism
2023-05-30,120110,Polygon
2023-05-30,321099,Solana
2023-05-29,122979,Arbitrum
2023-05-29,65967,Avalanche
2023-05-29,269029,Ethereum
2023-05-29,43090,Optimism
2023-05-29,121199,Polygon
2023-05-29,277373,Solana
2023-05-28,110441,Arbitrum
2023-05-28,58493,Avalanche
2023-05-28,243989,Ethereum
2023-05-28,41498,Optimism
2023-05-28,115176,Polygon
2023-05-28,428682,Solana
2023-05-27,102876,Arbitrum
2023-05-27,57158,Avalanche
2023-05-27,208626,Ethereum
2023-05-27,31715,Optimism
2023-05-27,102764,Polygon
2023-05-27,384775,Solana
2023-05-26,119825,Arbitrum
2023-05-26,61420,Avalanche
2023-05-26,236823,Ethereum
2023-05-26,39062,Optimism
2023-05-26,135144,Polygon
2023-05-26,232726,Solana
2023-05-25,119380,Arbitrum
2023-05-25,69156,Avalanche
2023-05-25,232188,Ethereum
2023-05-25,40793,Optimism
2023-05-25,125791,Polygon
2023-05-25,194437,Solana
2023-05-24,116401,Arbitrum
2023-05-24,68333,Avalanche
2023-05-24,237364,Ethereum
2023-05-24,42820,Optimism
2023-05-24,125025,Polygon
2023-05-24,220431,Solana
2023-05-23,106222,Arbitrum
2023-05-23,61308,Avalanche
2023-05-23,273607,Ethereum
2023-05-23,34117,Optimism
2023-05-23,117383,Polygon
2023-05-23,178732,Solana
2023-05-22,92348,Arbitrum
2023-05-22,53903,Avalanche
2023-05-22,260517,Ethereum
2023-05-22,34972,Optimism
2023-05-22,105025,Polygon
2023-05-22,277060,Solana
2023-05-21,87772,Arbitrum
2023-05-21,45893,Avalanche
2023-05-21,218159,Ethereum
2023-05-21,32563,Optimism
2023-05-21,94039,Polygon
2023-05-21,169421,Solana
2023-05-20,91991,Arbitrum
2023-05-20,53441,Avalanche
2023-05-20,196745,Ethereum
2023-05-20,28131,Optimism
2023-05-20,92743,Polygon
2023-05-20,186811,Solana
2023-05-19,86371,Arbitrum
2023-05-19,49896,Avalanche
2023-05-19,235600,Ethereum
2023-05-19,35737,Optimism
2023-05-19,100683,Polygon
2023-05-19,151174,Solana
2023-05-18,101293,Arbitrum
2023-05-18,49969,Avalanche
2023-05-18,244071,Ethereum
2023-05-18,47831,Optimism
2023-05-18,126437,Polygon
2023-05-18,211645,Solana
2023-05-17,105719,Arbitrum
2023-05-17,50282,Avalanche
2023-05-17,224939,Ethereum
2023-05-17,51002,Optimism
2023-05-17,123750,Polygon
2023-05-17,181579,Solana
2023-05-16,102744,Arbitrum
2023-05-16,45264,Avalanche
2023-05-16,242597,Ethereum
2023-05-16,40698,Optimism
2023-05-16,109841,Polygon
2023-05-16,175428,Solana
2023-05-15,109563,Arbitrum
2023-05-15,44149,Avalanche
2023-05-15,252012,Ethereum
2023-05-15,35906,Optimism
2023-05-15,104350,Polygon
2023-05-15,246616,Solana
2023-05-14,103342,Arbitrum
2023-05-14,44647,Avalanche
2023-05-14,219982,Ethereum
2023-05-14,29832,Optimism
2023-05-14,89762,Polygon
2023-05-14,489320,Solana
2023-05-13,104033,Arbitrum
2023-05-13,41885,Avalanche
2023-05-13,213592,Ethereum
2023-05-13,32756,Optimism
2023-05-13,92636,Polygon
2023-05-13,426503,Solana
2023-05-12,145309,Arbitrum
2023-05-12,46058,Avalanche
2023-05-12,256289,Ethereum
2023-05-12,47379,Optimism
2023-05-12,126184,Polygon
2023-05-12,244090,Solana
2023-05-11,128741,Arbitrum
2023-05-11,37412,Avalanche
2023-05-11,311584,Ethereum
2023-05-11,37654,Optimism
2023-05-11,119382,Polygon
2023-05-11,240853,Solana
2023-05-10,164490,Arbitrum
2023-05-10,40744,Avalanche
2023-05-10,291779,Ethereum
2023-05-10,36402,Optimism
2023-05-10,125159,Polygon
2023-05-10,242423,Solana
2023-05-09,133641,Arbitrum
2023-05-09,34834,Avalanche
2023-05-09,301176,Ethereum
2023-05-09,27293,Optimism
2023-05-09,114262,Polygon
2023-05-09,193405,Solana
2023-05-08,133989,Arbitrum
2023-05-08,41463,Avalanche
2023-05-08,320429,Ethereum
2023-05-08,35827,Optimism
2023-05-08,126743,Polygon
2023-05-08,296352,Solana
2023-05-07,113992,Arbitrum
2023-05-07,31854,Avalanche
2023-05-07,344868,Ethereum
2023-05-07,22296,Optimism
2023-05-07,96555,Polygon
2023-05-07,227113,Solana
2023-05-06,146502,Arbitrum
2023-05-06,31360,Avalanche
2023-05-06,354872,Ethereum
2023-05-06,26101,Optimism
2023-05-06,102390,Polygon
2023-05-06,292489,Solana
2023-05-05,133374,Arbitrum
2023-05-05,32302,Avalanche
2023-05-05,323200,Ethereum
2023-05-05,27651,Optimism
2023-05-05,102834,Polygon
2023-05-05,236777,Solana
2023-05-04,130794,Arbitrum
2023-05-04,35664,Avalanche
2023-05-04,298059,Ethereum
2023-05-04,31958,Optimism
2023-05-04,91297,Polygon
2023-05-04,197506,Solana
2023-05-03,158218,Arbitrum
2023-05-03,40185,Avalanche
2023-05-03,282392,Ethereum
2023-05-03,48997,Optimism
2023-05-03,112386,Polygon
2023-05-03,135516,Solana
2023-05-02,148839,Arbitrum
2023-05-02,30672,Avalanche
2023-05-02,308061,Ethereum
2023-05-02,28237,Optimism
2023-05-02,99954,Polygon
2023-05-02,107564,Solana
2023-05-01,151604,Arbitrum
2023-05-01,35966,Avalanche
2023-05-01,305423,Ethereum
2023-05-01,29831,Optimism
2023-05-01,97955,Polygon
2023-05-01,152888,Solana
2023-04-30,184660,Arbitrum
2023-04-30,36937,Avalanche
2023-04-30,248841,Ethereum
2023-04-30,38355,Optimism
2023-04-30,90069,Polygon
2023-04-30,124700,Solana
2023-04-29,128575,Arbitrum
2023-04-29,34283,Avalanche
2023-04-29,183091,Ethereum
2023-04-29,32532,Optimism
2023-04-29,78606,Polygon
2023-04-29,117911,Solana
2023-04-28,129923,Arbitrum
2023-04-28,36795,Avalanche
2023-04-28,190829,Ethereum
2023-04-28,38098,Optimism
2023-04-28,95286,Polygon
2023-04-28,151724,Solana
2023-04-27,167268,Arbitrum
2023-04-27,41034,Avalanche
2023-04-27,165390,Ethereum
2023-04-27,55269,Optimism
2023-04-27,122251,Polygon
2023-04-27,163165,Solana
2023-04-26,195993,Arbitrum
2023-04-26,42447,Avalanche
2023-04-26,183994,Ethereum
2023-04-26,54203,Optimism
2023-04-26,137923,Polygon
2023-04-26,203645,Solana
2023-04-25,173341,Arbitrum
2023-04-25,39278,Avalanche
2023-04-25,186425,Ethereum
2023-04-25,48586,Optimism
2023-04-25,111853,Polygon
2023-04-25,146851,Solana
2023-04-24,191374,Arbitrum
2023-04-24,35992,Avalanche
2023-04-24,206080,Ethereum
2023-04-24,46980,Optimism
2023-04-24,117883,Polygon
2023-04-24,133083,Solana
2023-04-23,176266,Arbitrum
2023-04-23,34196,Avalanche
2023-04-23,210004,Ethereum
2023-04-23,42349,Optimism
2023-04-23,106462,Polygon
2023-04-23,122811,Solana
2023-04-22,172664,Arbitrum
2023-04-22,29484,Avalanche
2023-04-22,180591,Ethereum
2023-04-22,40057,Optimism
2023-04-22,94082,Polygon
2023-04-22,104639,Solana
2023-04-21,202651,Arbitrum
2023-04-21,34692,Avalanche
2023-04-21,190486,Ethereum
2023-04-21,59889,Optimism
2023-04-21,123195,Polygon
2023-04-21,155804,Solana
2023-04-20,204335,Arbitrum
2023-04-20,39257,Avalanche
2023-04-20,253331,Ethereum
2023-04-20,62821,Optimism
2023-04-20,125347,Polygon
2023-04-20,201347,Solana
2023-04-19,224477,Arbitrum
2023-04-19,40851,Avalanche
2023-04-19,273186,Ethereum
2023-04-19,56626,Optimism
2023-04-19,120504,Polygon
2023-04-19,169211,Solana
2023-04-18,220905,Arbitrum
2023-04-18,44853,Avalanche
2023-04-18,234204,Ethereum
2023-04-18,52705,Optimism
2023-04-18,113966,Polygon
2023-04-18,140800,Solana
2023-04-17,253792,Arbitrum
2023-04-17,53041,Avalanche
2023-04-17,192096,Ethereum
2023-04-17,63559,Optimism
2023-04-17,114320,Polygon
2023-04-17,195680,Solana
2023-04-16,161863,Arbitrum
2023-04-16,44734,Avalanche
2023-04-16,118937,Ethereum
2023-04-16,57905,Optimism
2023-04-16,104518,Polygon
2023-04-16,126922,Solana
2023-04-15,201287,Arbitrum
2023-04-15,45090,Avalanche
2023-04-15,108721,Ethereum
2023-04-15,67807,Optimism
2023-04-15,117601,Polygon
2023-04-15,111829,Solana
2023-04-14,274318,Arbitrum
2023-04-14,55433,Avalanche
2023-04-14,126244,Ethereum
2023-04-14,82402,Optimism
2023-04-14,147458,Polygon
2023-04-14,192119,Solana
2023-04-13,166043,Arbitrum
2023-04-13,54642,Avalanche
2023-04-13,101817,Ethereum
2023-04-13,63009,Optimism
2023-04-13,122396,Polygon
2023-04-13,193632,Solana
2023-04-12,149904,Arbitrum
2023-04-12,57592,Avalanche
2023-04-12,111140,Ethereum
2023-04-12,72002,Optimism
2023-04-12,129430,Polygon
2023-04-12,230865,Solana
2023-04-11,127335,Arbitrum
2023-04-11,49781,Avalanche
2023-04-11,106152,Ethereum
2023-04-11,61509,Optimism
2023-04-11,124671,Polygon
2023-04-11,193452,Solana
2023-04-10,122325,Arbitrum
2023-04-10,42788,Avalanche
2023-04-10,108809,Ethereum
2023-04-10,59112,Optimism
2023-04-10,121806,Polygon
2023-04-10,85981,Solana
2023-04-09,104409,Arbitrum
2023-04-09,38574,Avalanche
2023-04-09,91516,Ethereum
2023-04-09,50245,Optimism
2023-04-09,104249,Polygon
2023-04-09,79831,Solana
2023-04-08,106437,Arbitrum
2023-04-08,34178,Avalanche
2023-04-08,96798,Ethereum
2023-04-08,50836,Optimism
2023-04-08,97380,Polygon
2023-04-08,81023,Solana
2023-04-07,115401,Arbitrum
2023-04-07,34318,Avalanche
2023-04-07,101520,Ethereum
2023-04-07,59042,Optimism
2023-04-07,104938,Polygon
2023-04-07,96010,Solana
2023-04-06,139499,Arbitrum
2023-04-06,41626,Avalanche
2023-04-06,108135,Ethereum
2023-04-06,70208,Optimism
2023-04-06,107854,Polygon
2023-04-06,103054,Solana
2023-04-05,156125,Arbitrum
2023-04-05,33895,Avalanche
2023-04-05,113344,Ethereum
2023-04-05,62787,Optimism
2023-04-05,120016,Polygon
2023-04-05,106922,Solana
2023-04-04,155652,Arbitrum
2023-04-04,28367,Avalanche
2023-04-04,123572,Ethereum
2023-04-04,60542,Optimism
2023-04-04,123398,Polygon
2023-04-04,117398,Solana
2023-04-03,177526,Arbitrum
2023-04-03,31131,Avalanche
2023-04-03,131199,Ethereum
2023-04-03,67087,Optimism
2023-04-03,129812,Polygon
2023-04-03,154356,Solana
2023-04-02,159923,Arbitrum
2023-04-02,26542,Avalanche
2023-04-02,110602,Ethereum
2023-04-02,52874,Optimism
2023-04-02,105830,Polygon
2023-04-02,122682,Solana
2023-04-01,124115,Arbitrum
2023-04-01,25416,Avalanche
2023-04-01,106102,Ethereum
2023-04-01,44083,Optimism
2023-04-01,104406,Polygon
2023-04-01,102204,Solana
2023-03-31,168507,Arbitrum
2023-03-31,35192,Avalanche
2023-03-31,118437,Ethereum
2023-03-31,64970,Optimism
2023-03-31,135661,Polygon
2023-03-31,132816,Solana
2023-03-30,237854,Arbitrum
2023-03-30,36495,Avalanche
2023-03-30,129228,Ethereum
2023-03-30,70425,Optimism
2023-03-30,135909,Polygon
2023-03-30,144737,Solana
2023-03-29,163786,Arbitrum
2023-03-29,32636,Avalanche
2023-03-29,126051,Ethereum
2023-03-29,59429,Optimism
2023-03-29,128885,Polygon
2023-03-29,124141,Solana
2023-03-28,184652,Arbitrum
2023-03-28,37766,Avalanche
2023-03-28,124637,Ethereum
2023-03-28,69123,Optimism
2023-03-28,132768,Polygon
2023-03-28,133823,Solana
2023-03-27,198815,Arbitrum
2023-03-27,36968,Avalanche
2023-03-27,122405,Ethereum
2023-03-27,64337,Optimism
2023-03-27,137061,Polygon
2023-03-27,128964,Solana
2023-03-26,167604,Arbitrum
2023-03-26,23740,Avalanche
2023-03-26,123804,Ethereum
2023-03-26,52001,Optimism
2023-03-26,118054,Polygon
2023-03-26,147373,Solana
2023-03-25,177451,Arbitrum
2023-03-25,21309,Avalanche
2023-03-25,100196,Ethereum
2023-03-25,52101,Optimism
2023-03-25,122709,Polygon
2023-03-25,167115,Solana
2023-03-24,285673,Arbitrum
2023-03-24,28115,Avalanche
2023-03-24,118119,Ethereum
2023-03-24,68551,Optimism
2023-03-24,141530,Polygon
2023-03-24,204645,Solana
2023-03-23,240615,Arbitrum
2023-03-23,24141,Avalanche
2023-03-23,118431,Ethereum
2023-03-23,66936,Optimism
2023-03-23,138441,Polygon
2023-03-23,238144,Solana
2023-03-22,152886,Arbitrum
2023-03-22,35434,Avalanche
2023-03-22,143625,Ethereum
2023-03-22,89215,Optimism
2023-03-22,157892,Polygon
2023-03-22,251186,Solana
2023-03-21,150714,Arbitrum
2023-03-21,40919,Avalanche
2023-03-21,139738,Ethereum
2023-03-21,88331,Optimism
2023-03-21,147471,Polygon
2023-03-21,293761,Solana
2023-03-20,141740,Arbitrum
2023-03-20,34424,Avalanche
2023-03-20,146037,Ethereum
2023-03-20,93032,Optimism
2023-03-20,167078,Polygon
2023-03-20,379590,Solana
2023-03-19,141506,Arbitrum
2023-03-19,42011,Avalanche
2023-03-19,131520,Ethereum
2023-03-19,82441,Optimism
2023-03-19,143725,Polygon
2023-03-19,227630,Solana
2023-03-18,143756,Arbitrum
2023-03-18,46614,Avalanche
2023-03-18,136031,Ethereum
2023-03-18,94534,Optimism
2023-03-18,163862,Polygon
2023-03-18,295108,Solana
2023-03-17,138446,Arbitrum
2023-03-17,29121,Avalanche
2023-03-17,139394,Ethereum
2023-03-17,97996,Optimism
2023-03-17,157375,Polygon
2023-03-17,257267,Solana
2023-03-16,151066,Arbitrum
2023-03-16,25922,Avalanche
2023-03-16,150941,Ethereum
2023-03-16,97262,Optimism
2023-03-16,138494,Polygon
2023-03-16,224993,Solana
2023-03-15,144145,Arbitrum
2023-03-15,29890,Avalanche
2023-03-15,142851,Ethereum
2023-03-15,113997,Optimism
2023-03-15,165592,Polygon
2023-03-15,291549,Solana
2023-03-14,141811,Arbitrum
2023-03-14,36323,Avalanche
2023-03-14,142713,Ethereum
2023-03-14,105138,Optimism
2023-03-14,171603,Polygon
2023-03-14,320730,Solana
2023-03-13,121124,Arbitrum
2023-03-13,30830,Avalanche
2023-03-13,147006,Ethereum
2023-03-13,95011,Optimism
2023-03-13,158598,Polygon
2023-03-13,318928,Solana
2023-03-12,95417,Arbitrum
2023-03-12,31105,Avalanche
2023-03-12,132951,Ethereum
2023-03-12,66596,Optimism
2023-03-12,131634,Polygon
2023-03-12,271823,Solana
2023-03-11,133440,Arbitrum
2023-03-11,68460,Avalanche
2023-03-11,165219,Ethereum
2023-03-11,78592,Optimism
2023-03-11,203268,Polygon
2023-03-11,372393,Solana
2023-03-10,138419,Arbitrum
2023-03-10,34831,Avalanche
2023-03-10,143023,Ethereum
2023-03-10,107716,Optimism
2023-03-10,183794,Polygon
2023-03-10,279066,Solana
2023-03-09,100401,Arbitrum
2023-03-09,24657,Avalanche
2023-03-09,128077,Ethereum
2023-03-09,76181,Optimism
2023-03-09,148004,Polygon
2023-03-09,218933,Solana
2023-03-08,95276,Arbitrum
2023-03-08,23625,Avalanche
2023-03-08,132958,Ethereum
2023-03-08,67629,Optimism
2023-03-08,127542,Polygon
2023-03-08,199336,Solana
2023-03-07,98398,Arbitrum
2023-03-07,21953,Avalanche
2023-03-07,149382,Ethereum
2023-03-07,62762,Optimism
2023-03-07,127570,Polygon
2023-03-07,162310,Solana
2023-03-06,87984,Arbitrum
2023-03-06,20146,Avalanche
2023-03-06,132544,Ethereum
2023-03-06,52994,Optimism
2023-03-06,105377,Polygon
2023-03-06,137419,Solana
2023-03-05,73356,Arbitrum
2023-03-05,16605,Avalanche
2023-03-05,130655,Ethereum
2023-03-05,54302,Optimism
2023-03-05,111011,Polygon
2023-03-05,120233,Solana
2023-03-04,76753,Arbitrum
2023-03-04,17999,Avalanche
2023-03-04,135610,Ethereum
2023-03-04,50378,Optimism
2023-03-04,101914,Polygon
2023-03-04,121334,Solana
2023-03-03,103453,Arbitrum
2023-03-03,23241,Avalanche
2023-03-03,156038,Ethereum
2023-03-03,64479,Optimism
2023-03-03,127794,Polygon
2023-03-03,169997,Solana
2023-03-02,108392,Arbitrum
2023-03-02,18051,Avalanche
2023-03-02,140652,Ethereum
2023-03-02,63842,Optimism
2023-03-02,114280,Polygon
2023-03-02,145143,Solana
2023-03-01,107611,Arbitrum
2023-03-01,21264,Avalanche
2023-03-01,131634,Ethereum
2023-03-01,62824,Optimism
2023-03-01,123823,Polygon
2023-03-01,127432,Solana
2023-02-28,107838,Arbitrum
2023-02-28,20671,Avalanche
2023-02-28,129569,Ethereum
2023-02-28,62562,Optimism
2023-02-28,111956,Polygon
2023-02-28,137233,Solana
2023-02-27,114301,Arbitrum
2023-02-27,22214,Avalanche
2023-02-27,110719,Ethereum
2023-02-27,67275,Optimism
2023-02-27,127156,Polygon
2023-02-27,155800,Solana
2023-02-26,107466,Arbitrum
2023-02-26,19909,Avalanche
2023-02-26,100424,Ethereum
2023-02-26,58979,Optimism
2023-02-26,105979,Polygon
2023-02-26,162579,Solana
2023-02-25,112061,Arbitrum
2023-02-25,25386,Avalanche
2023-02-25,102066,Ethereum
2023-02-25,77262,Optimism
2023-02-25,126388,Polygon
2023-02-25,28232,Solana
2023-02-24,142302,Arbitrum
2023-02-24,30931,Avalanche
2023-02-24,107331,Ethereum
2023-02-24,130776,Optimism
2023-02-24,136720,Polygon
2023-02-24,208857,Solana
2023-02-23,152740,Arbitrum
2023-02-23,37822,Avalanche
2023-02-23,102942,Ethereum
2023-02-23,87720,Optimism
2023-02-23,121669,Polygon
2023-02-23,163210,Solana
2023-02-22,156514,Arbitrum
2023-02-22,53827,Avalanche
2023-02-22,122185,Ethereum
2023-02-22,86303,Optimism
2023-02-22,156701,Polygon
2023-02-22,189689,Solana
2023-02-21,149450,Arbitrum
2023-02-21,42548,Avalanche
2023-02-21,122461,Ethereum
2023-02-21,63435,Optimism
2023-02-21,150907,Polygon
2023-02-21,230856,Solana
2023-02-20,134828,Arbitrum
2023-02-20,39167,Avalanche
2023-02-20,119583,Ethereum
2023-02-20,62502,Optimism
2023-02-20,142075,Polygon
2023-02-20,289218,Solana
2023-02-19,118724,Arbitrum
2023-02-19,29921,Avalanche
2023-02-19,133713,Ethereum
2023-02-19,64386,Optimism
2023-02-19,153290,Polygon
2023-02-19,250944,Solana
2023-02-18,112726,Arbitrum
2023-02-18,27806,Avalanche
2023-02-18,115398,Ethereum
2023-02-18,48562,Optimism
2023-02-18,126611,Polygon
2023-02-18,199032,Solana
2023-02-17,142774,Arbitrum
2023-02-17,29918,Avalanche
2023-02-17,125580,Ethereum
2023-02-17,71027,Optimism
2023-02-17,182420,Polygon
2023-02-17,171827,Solana
2023-02-16,126962,Arbitrum
2023-02-16,41716,Avalanche
2023-02-16,153911,Ethereum
2023-02-16,83851,Optimism
2023-02-16,173313,Polygon
2023-02-16,241827,Solana
2023-02-15,100619,Arbitrum
2023-02-15,31022,Avalanche
2023-02-15,147936,Ethereum
2023-02-15,59104,Optimism
2023-02-15,116220,Polygon
2023-02-15,183293,Solana
2023-02-14,101961,Arbitrum
2023-02-14,25392,Avalanche
2023-02-14,128362,Ethereum
2023-02-14,66227,Optimism
2023-02-14,124482,Polygon
2023-02-14,186037,Solana
2023-02-13,100794,Arbitrum
2023-02-13,30853,Avalanche
2023-02-13,129694,Ethereum
2023-02-13,76404,Optimism
2023-02-13,139637,Polygon
2023-02-13,228136,Solana
2023-02-12,79160,Arbitrum
2023-02-12,22072,Avalanche
2023-02-12,128640,Ethereum
2023-02-12,53024,Optimism
2023-02-12,107495,Polygon
2023-02-12,157809,Solana
2023-02-11,73303,Arbitrum
2023-02-11,17302,Avalanche
2023-02-11,117754,Ethereum
2023-02-11,50620,Optimism
2023-02-11,104557,Polygon
2023-02-11,102429,Solana
2023-02-10,96769,Arbitrum
2023-02-10,27170,Avalanche
2023-02-10,140000,Ethereum
2023-02-10,88826,Optimism
2023-02-10,179493,Polygon
2023-02-10,220740,Solana
2023-02-09,111955,Arbitrum
2023-02-09,40305,Avalanche
2023-02-09,153965,Ethereum
2023-02-09,96796,Optimism
2023-02-09,203405,Polygon
2023-02-09,215342,Solana
2023-02-08,102533,Arbitrum
2023-02-08,27566,Avalanche
2023-02-08,168396,Ethereum
2023-02-08,74836,Optimism
2023-02-08,175279,Polygon
2023-02-08,170440,Solana
2023-02-07,104150,Arbitrum
2023-02-07,32982,Avalanche
2023-02-07,187207,Ethereum
2023-02-07,70845,Optimism
2023-02-07,161397,Polygon
2023-02-07,209160,Solana
2023-02-06,93201,Arbitrum
2023-02-06,34446,Avalanche
2023-02-06,171095,Ethereum
2023-02-06,65664,Optimism
2023-02-06,145598,Polygon
2023-02-06,178258,Solana
2023-02-05,91817,Arbitrum
2023-02-05,26887,Avalanche
2023-02-05,160361,Ethereum
2023-02-05,62349,Optimism
2023-02-05,143317,Polygon
2023-02-05,226162,Solana
2023-02-04,83572,Arbitrum
2023-02-04,25790,Avalanche
2023-02-04,159732,Ethereum
2023-02-04,51040,Optimism
2023-02-04,140050,Polygon
2023-02-04,193959,Solana
2023-02-03,79909,Arbitrum
2023-02-03,35904,Avalanche
2023-02-03,170848,Ethereum
2023-02-03,71736,Optimism
2023-02-03,159827,Polygon
2023-02-03,213294,Solana
2023-02-02,85870,Arbitrum
2023-02-02,50327,Avalanche
2023-02-02,167896,Ethereum
2023-02-02,95507,Optimism
2023-02-02,192208,Polygon
2023-02-02,242489,Solana
2023-02-01,76217,Arbitrum
2023-02-01,38188,Avalanche
2023-02-01,147854,Ethereum
2023-02-01,88650,Optimism
2023-02-01,212726,Polygon
2023-02-01,255863,Solana
2023-01-31,59023,Arbitrum
2023-01-31,28113,Avalanche
2023-01-31,123081,Ethereum
2023-01-31,67143,Optimism
2023-01-31,207039,Polygon
2023-01-31,182122,Solana
2023-01-30,73998,Arbitrum
2023-01-30,46525,Avalanche
2023-01-30,137833,Ethereum
2023-01-30,74047,Optimism
2023-01-30,182154,Polygon
2023-01-30,285785,Solana
2023-01-29,72596,Arbitrum
2023-01-29,29544,Avalanche
2023-01-29,125925,Ethereum
2023-01-29,60056,Optimism
2023-01-29,152739,Polygon
2023-01-29,289026,Solana
2023-01-28,57215,Arbitrum
2023-01-28,37722,Avalanche
2023-01-28,120459,Ethereum
2023-01-28,52391,Optimism
2023-01-28,141715,Polygon
2023-01-28,217016,Solana
2023-01-27,66900,Arbitrum
2023-01-27,39610,Avalanche
2023-01-27,116845,Ethereum
2023-01-27,67142,Optimism
2023-01-27,181925,Polygon
2023-01-27,222058,Solana
2023-01-26,61735,Arbitrum
2023-01-26,32294,Avalanche
2023-01-26,123173,Ethereum
2023-01-26,74084,Optimism
2023-01-26,176158,Polygon
2023-01-26,297555,Solana
2023-01-25,59366,Arbitrum
2023-01-25,27066,Avalanche
2023-01-25,126274,Ethereum
2023-01-25,93118,Optimism
2023-01-25,145430,Polygon
2023-01-25,323481,Solana
2023-01-24,54394,Arbitrum
2023-01-24,29258,Avalanche
2023-01-24,125079,Ethereum
2023-01-24,72184,Optimism
2023-01-24,146628,Polygon
2023-01-24,259350,Solana
2023-01-23,57143,Arbitrum
2023-01-23,27239,Avalanche
2023-01-23,118678,Ethereum
2023-01-23,66174,Optimism
2023-01-23,134870,Polygon
2023-01-23,364623,Solana
2023-01-22,53886,Arbitrum
2023-01-22,35129,Avalanche
2023-01-22,112504,Ethereum
2023-01-22,75371,Optimism
2023-01-22,144298,Polygon
2023-01-22,370445,Solana
2023-01-21,55467,Arbitrum
2023-01-21,27464,Avalanche
2023-01-21,124370,Ethereum
2023-01-21,89432,Optimism
2023-01-21,148192,Polygon
2023-01-21,288382,Solana
2023-01-20,50529,Arbitrum
2023-01-20,30992,Avalanche
2023-01-20,113836,Ethereum
2023-01-20,67816,Optimism
2023-01-20,142696,Polygon
2023-01-20,243717,Solana
2023-01-19,45187,Arbitrum
2023-01-19,25918,Avalanche
2023-01-19,108595,Ethereum
2023-01-19,52648,Optimism
2023-01-19,119643,Polygon
2023-01-19,265277,Solana
2023-01-18,60982,Arbitrum
2023-01-18,32039,Avalanche
2023-01-18,127636,Ethereum
2023-01-18,78764,Optimism
2023-01-18,157554,Polygon
2023-01-18,358821,Solana
2023-01-17,51124,Arbitrum
2023-01-17,33632,Avalanche
2023-01-17,116093,Ethereum
2023-01-17,111140,Optimism
2023-01-17,144752,Polygon
2023-01-17,349090,Solana
2023-01-16,57116,Arbitrum
2023-01-16,31246,Avalanche
2023-01-16,129033,Ethereum
2023-01-16,130178,Optimism
2023-01-16,166606,Polygon
2023-01-16,566836,Solana
2023-01-15,48581,Arbitrum
2023-01-15,31684,Avalanche
2023-01-15,118294,Ethereum
2023-01-15,126049,Optimism
2023-01-15,141107,Polygon
2023-01-15,606050,Solana
2023-01-14,73547,Arbitrum
2023-01-14,56843,Avalanche
2023-01-14,138064,Ethereum
2023-01-14,157123,Optimism
2023-01-14,203097,Polygon
2023-01-14,752318,Solana
2023-01-13,50612,Arbitrum
2023-01-13,35217,Avalanche
2023-01-13,116552,Ethereum
2023-01-13,131700,Optimism
2023-01-13,134619,Polygon
2023-01-13,309533,Solana
2023-01-12,61821,Arbitrum
2023-01-12,47606,Avalanche
2023-01-12,126850,Ethereum
2023-01-12,144370,Optimism
2023-01-12,152649,Polygon
2023-01-12,287047,Solana
2023-01-11,51682,Arbitrum
2023-01-11,46484,Avalanche
2023-01-11,118426,Ethereum
2023-01-11,100715,Optimism
2023-01-11,112396,Polygon
2023-01-11,308813,Solana
2023-01-10,46831,Arbitrum
2023-01-10,22768,Avalanche
2023-01-10,117880,Ethereum
2023-01-10,95343,Optimism
2023-01-10,107392,Polygon
2023-01-10,347884,Solana
2023-01-09,50331,Arbitrum
2023-01-09,26559,Avalanche
2023-01-09,124680,Ethereum
2023-01-09,125272,Optimism
2023-01-09,135951,Polygon
2023-01-09,497011,Solana
2023-01-08,36657,Arbitrum
2023-01-08,15633,Avalanche
2023-01-08,102934,Ethereum
2023-01-08,94296,Optimism
2023-01-08,102116,Polygon
2023-01-08,293726,Solana
2023-01-07,29672,Arbitrum
2023-01-07,12454,Avalanche
2023-01-07,97664,Ethereum
2023-01-07,99883,Optimism
2023-01-07,82807,Polygon
2023-01-07,214037,Solana
2023-01-06,37522,Arbitrum
2023-01-06,17515,Avalanche
2023-01-06,115547,Ethereum
2023-01-06,92195,Optimism
2023-01-06,99180,Polygon
2023-01-06,372036,Solana
2023-01-05,37748,Arbitrum
2023-01-05,15872,Avalanche
2023-01-05,122567,Ethereum
2023-01-05,79266,Optimism
2023-01-05,93254,Polygon
2023-01-05,640162,Solana
2023-01-04,55949,Arbitrum
2023-01-04,21703,Avalanche
2023-01-04,137496,Ethereum
2023-01-04,85590,Optimism
2023-01-04,110867,Polygon
2023-01-04,745787,Solana
2023-01-03,46608,Arbitrum
2023-01-03,18176,Avalanche
2023-01-03,126294,Ethereum
2023-01-03,68409,Optimism
2023-01-03,88947,Polygon
2023-01-03,863477,Solana
2023-01-02,34606,Arbitrum
2023-01-02,16869,Avalanche
2023-01-02,113745,Ethereum
2023-01-02,54764,Optimism
2023-01-02,91314,Polygon
2023-01-02,417849,Solana
2023-01-01,25243,Arbitrum
2023-01-01,13878,Avalanche
2023-01-01,88369,Ethereum
2023-01-01,44103,Optimism
2023-01-01,78780,Polygon
2023-01-01,158519,Solana
2022-12-31,32917,Arbitrum
2022-12-31,14407,Avalanche
2022-12-31,80389,Ethereum
2022-12-31,50414,Optimism
2022-12-31,98682,Polygon
2022-12-31,191864,Solana
2022-12-30,38506,Arbitrum
2022-12-30,19040,Avalanche
2022-12-30,82516,Ethereum
2022-12-30,67912,Optimism
2022-12-30,109481,Polygon
2022-12-30,408205,Solana
2022-12-29,39214,Arbitrum
2022-12-29,22828,Avalanche
2022-12-29,93215,Ethereum
2022-12-29,75959,Optimism
2022-12-29,106729,Polygon
2022-12-29,506850,Solana
2022-12-28,41905,Arbitrum
2022-12-28,24179,Avalanche
2022-12-28,92268,Ethereum
2022-12-28,82970,Optimism
2022-12-28,111826,Polygon
2022-12-28,264182,Solana
2022-12-27,42352,Arbitrum
2022-12-27,16821,Avalanche
2022-12-27,88522,Ethereum
2022-12-27,66719,Optimism
2022-12-27,105830,Polygon
2022-12-27,133953,Solana
2022-12-26,45104,Arbitrum
2022-12-26,18089,Avalanche
2022-12-26,85203,Ethereum
2022-12-26,59337,Optimism
2022-12-26,105928,Polygon
2022-12-26,130712,Solana
2022-12-25,53327,Arbitrum
2022-12-25,14170,Avalanche
2022-12-25,65342,Ethereum
2022-12-25,61888,Optimism
2022-12-25,98608,Polygon
2022-12-25,114936,Solana
2022-12-24,67911,Arbitrum
2022-12-24,14363,Avalanche
2022-12-24,66929,Ethereum
2022-12-24,53139,Optimism
2022-12-24,86778,Polygon
2022-12-24,136344,Solana
2022-12-23,54687,Arbitrum
2022-12-23,17846,Avalanche
2022-12-23,85945,Ethereum
2022-12-23,61415,Optimism
2022-12-23,93524,Polygon
2022-12-23,94745,Solana
2022-12-22,57818,Arbitrum
2022-12-22,19538,Avalanche
2022-12-22,94194,Ethereum
2022-12-22,66218,Optimism
2022-12-22,107797,Polygon
2022-12-22,163121,Solana
2022-12-21,52977,Arbitrum
2022-12-21,20166,Avalanche
2022-12-21,94922,Ethereum
2022-12-21,66105,Optimism
2022-12-21,116288,Polygon
2022-12-21,137332,Solana
2022-12-20,64441,Arbitrum
2022-12-20,26602,Avalanche
2022-12-20,109852,Ethereum
2022-12-20,79521,Optimism
2022-12-20,127391,Polygon
2022-12-20,157880,Solana
2022-12-19,53748,Arbitrum
2022-12-19,26140,Avalanche
2022-12-19,106782,Ethereum
2022-12-19,66523,Optimism
2022-12-19,136977,Polygon
2022-12-19,147898,Solana
2022-12-18,57754,Arbitrum
2022-12-18,18152,Avalanche
2022-12-18,88800,Ethereum
2022-12-18,59664,Optimism
2022-12-18,132952,Polygon
2022-12-18,88003,Solana
2022-12-17,50336,Arbitrum
2022-12-17,22165,Avalanche
2022-12-17,104186,Ethereum
2022-12-17,70882,Optimism
2022-12-17,118145,Polygon
2022-12-17,126657,Solana
2022-12-16,62766,Arbitrum
2022-12-16,27816,Avalanche
2022-12-16,115089,Ethereum
2022-12-16,74870,Optimism
2022-12-16,138409,Polygon
2022-12-16,166606,Solana
2022-12-15,54215,Arbitrum
2022-12-15,27245,Avalanche
2022-12-15,107414,Ethereum
2022-12-15,64882,Optimism
2022-12-15,113540,Polygon
2022-12-15,141391,Solana
2022-12-14,57568,Arbitrum
2022-12-14,44765,Avalanche
2022-12-14,103181,Ethereum
2022-12-14,86490,Optimism
2022-12-14,128588,Polygon
2022-12-14,197755,Solana
2022-12-13,65281,Arbitrum
2022-12-13,28538,Avalanche
2022-12-13,117927,Ethereum
2022-12-13,79639,Optimism
2022-12-13,163960,Polygon
2022-12-13,224888,Solana
2022-12-12,65426,Arbitrum
2022-12-12,23575,Avalanche
2022-12-12,110289,Ethereum
2022-12-12,62031,Optimism
2022-12-12,115229,Polygon
2022-12-12,123338,Solana
2022-12-11,39894,Arbitrum
2022-12-11,17741,Avalanche
2022-12-11,89476,Ethereum
2022-12-11,58859,Optimism
2022-12-11,98896,Polygon
2022-12-11,75111,Solana
2022-12-10,39178,Arbitrum
2022-12-10,22308,Avalanche
2022-12-10,88128,Ethereum
2022-12-10,60097,Optimism
2022-12-10,93650,Polygon
2022-12-10,57060,Solana
2022-12-09,49468,Arbitrum
2022-12-09,30282,Avalanche
2022-12-09,92000,Ethereum
2022-12-09,54265,Optimism
2022-12-09,102369,Polygon
2022-12-09,109669,Solana
2022-12-08,58621,Arbitrum
2022-12-08,20738,Avalanche
2022-12-08,109005,Ethereum
2022-12-08,63076,Optimism
2022-12-08,128407,Polygon
2022-12-08,86217,Solana
2022-12-07,64782,Arbitrum
2022-12-07,20189,Avalanche
2022-12-07,104546,Ethereum
2022-12-07,57710,Optimism
2022-12-07,124260,Polygon
2022-12-07,109729,Solana
2022-12-06,64601,Arbitrum
2022-12-06,17963,Avalanche
2022-12-06,109441,Ethereum
2022-12-06,57664,Optimism
2022-12-06,113867,Polygon
2022-12-06,152602,Solana
2022-12-05,68406,Arbitrum
2022-12-05,21358,Avalanche
2022-12-05,114223,Ethereum
2022-12-05,63554,Optimism
2022-12-05,120850,Polygon
2022-12-05,236898,Solana
2022-12-04,74448,Arbitrum
2022-12-04,18721,Avalanche
2022-12-04,92290,Ethereum
2022-12-04,56125,Optimism
2022-12-04,119258,Polygon
2022-12-04,93210,Solana
2022-12-03,71687,Arbitrum
2022-12-03,26576,Avalanche
2022-12-03,95070,Ethereum
2022-12-03,56902,Optimism
2022-12-03,126361,Polygon
2022-12-03,120982,Solana
2022-12-02,70979,Arbitrum
2022-12-02,27077,Avalanche
2022-12-02,100246,Ethereum
2022-12-02,62941,Optimism
2022-12-02,140539,Polygon
2022-12-02,112723,Solana
2022-12-01,76221,Arbitrum
2022-12-01,25658,Avalanche
2022-12-01,105417,Ethereum
2022-12-01,68604,Optimism
2022-12-01,145411,Polygon
2022-12-01,112345,Solana
2022-11-30,78601,Arbitrum
2022-11-30,30011,Avalanche
2022-11-30,120482,Ethereum
2022-11-30,70422,Optimism
2022-11-30,160684,Polygon
2022-11-30,140251,Solana
2022-11-29,70857,Arbitrum
2022-11-29,32336,Avalanche
2022-11-29,112804,Ethereum
2022-11-29,58248,Optimism
2022-11-29,129364,Polygon
2022-11-29,150376,Solana
2022-11-28,60764,Arbitrum
2022-11-28,25330,Avalanche
2022-11-28,107912,Ethereum
2022-11-28,60681,Optimism
2022-11-28,125859,Polygon
2022-11-28,191322,Solana
2022-11-27,61279,Arbitrum
2022-11-27,20281,Avalanche
2022-11-27,92295,Ethereum
2022-11-27,55736,Optimism
2022-11-27,110399,Polygon
2022-11-27,96069,Solana
2022-11-26,63289,Arbitrum
2022-11-26,19912,Avalanche
2022-11-26,95403,Ethereum
2022-11-26,57588,Optimism
2022-11-26,119458,Polygon
2022-11-26,232323,Solana
2022-11-25,68629,Arbitrum
2022-11-25,20541,Avalanche
2022-11-25,93784,Ethereum
2022-11-25,61584,Optimism
2022-11-25,123176,Polygon
2022-11-25,237479,Solana
2022-11-24,69762,Arbitrum
2022-11-24,26756,Avalanche
2022-11-24,94307,Ethereum
2022-11-24,78887,Optimism
2022-11-24,147383,Polygon
2022-11-24,323885,Solana
2022-11-23,78007,Arbitrum
2022-11-23,29184,Avalanche
2022-11-23,99833,Ethereum
2022-11-23,81621,Optimism
2022-11-23,159555,Polygon
2022-11-23,585854,Solana
2022-11-22,92666,Arbitrum
2022-11-22,26625,Avalanche
2022-11-22,113398,Ethereum
2022-11-22,79743,Optimism
2022-11-22,173530,Polygon
2022-11-22,294886,Solana
2022-11-21,111471,Arbitrum
2022-11-21,34671,Avalanche
2022-11-21,120932,Ethereum
2022-11-21,91501,Optimism
2022-11-21,203241,Polygon
2022-11-21,392338,Solana
2022-11-20,102245,Arbitrum
2022-11-20,26161,Avalanche
2022-11-20,120429,Ethereum
2022-11-20,71964,Optimism
2022-11-20,159162,Polygon
2022-11-20,325519,Solana
2022-11-19,94089,Arbitrum
2022-11-19,17903,Avalanche
2022-11-19,96541,Ethereum
2022-11-19,63146,Optimism
2022-11-19,130272,Polygon
2022-11-19,180925,Solana
2022-11-18,58344,Arbitrum
2022-11-18,31839,Avalanche
2022-11-18,107448,Ethereum
2022-11-18,58090,Optimism
2022-11-18,124518,Polygon
2022-11-18,319467,Solana
2022-11-17,61269,Arbitrum
2022-11-17,23175,Avalanche
2022-11-17,111420,Ethereum
2022-11-17,61344,Optimism
2022-11-17,152056,Polygon
2022-11-17,382832,Solana
2022-11-16,71708,Arbitrum
2022-11-16,22965,Avalanche
2022-11-16,117489,Ethereum
2022-11-16,63814,Optimism
2022-11-16,168269,Polygon
2022-11-16,178462,Solana
2022-11-15,63419,Arbitrum
2022-11-15,29659,Avalanche
2022-11-15,117022,Ethereum
2022-11-15,67452,Optimism
2022-11-15,193834,Polygon
2022-11-15,281667,Solana
2022-11-14,78905,Arbitrum
2022-11-14,38782,Avalanche
2022-11-14,122348,Ethereum
2022-11-14,87714,Optimism
2022-11-14,239589,Polygon
2022-11-14,527155,Solana
2022-11-13,69307,Arbitrum
2022-11-13,28064,Avalanche
2022-11-13,107927,Ethereum
2022-11-13,60520,Optimism
2022-11-13,208778,Polygon
2022-11-13,421670,Solana
2022-11-12,76147,Arbitrum
2022-11-12,29156,Avalanche
2022-11-12,100741,Ethereum
2022-11-12,62316,Optimism
2022-11-12,215326,Polygon
2022-11-12,382190,Solana
2022-11-11,118213,Arbitrum
2022-11-11,40083,Avalanche
2022-11-11,129555,Ethereum
2022-11-11,102392,Optimism
2022-11-11,270716,Polygon
2022-11-11,533201,Solana
2022-11-10,119775,Arbitrum
2022-11-10,65950,Avalanche
2022-11-10,161764,Ethereum
2022-11-10,100680,Optimism
2022-11-10,319766,Polygon
2022-11-10,589308,Solana
2022-11-09,170892,Arbitrum
2022-11-09,95549,Avalanche
2022-11-09,167242,Ethereum
2022-11-09,182909,Optimism
2022-11-09,352207,Polygon
2022-11-09,444502,Solana
2022-11-08,149760,Arbitrum
2022-11-08,81031,Avalanche
2022-11-08,163219,Ethereum
2022-11-08,190818,Optimism
2022-11-08,281713,Polygon
2022-11-08,455038,Solana
2022-11-07,83229,Arbitrum
2022-11-07,32898,Avalanche
2022-11-07,123748,Ethereum
2022-11-07,96818,Optimism
2022-11-07,203303,Polygon
2022-11-07,238676,Solana
2022-11-06,78651,Arbitrum
2022-11-06,26429,Avalanche
2022-11-06,119660,Ethereum
2022-11-06,89845,Optimism
2022-11-06,154188,Polygon
2022-11-06,179606,Solana
2022-11-05,72145,Arbitrum
2022-11-05,33033,Avalanche
2022-11-05,118390,Ethereum
2022-11-05,94750,Optimism
2022-11-05,176659,Polygon
2022-11-05,231094,Solana
2022-11-04,80226,Arbitrum
2022-11-04,35013,Avalanche
2022-11-04,139048,Ethereum
2022-11-04,105902,Optimism
2022-11-04,223590,Polygon
2022-11-04,176823,Solana
2022-11-03,73417,Arbitrum
2022-11-03,28560,Avalanche
2022-11-03,130635,Ethereum
2022-11-03,80556,Optimism
2022-11-03,182331,Polygon
2022-11-03,125379,Solana
2022-11-02,94036,Arbitrum
2022-11-02,32842,Avalanche
2022-11-02,139783,Ethereum
2022-11-02,85694,Optimism
2022-11-02,171192,Polygon
2022-11-02,145983,Solana
2022-11-01,85025,Arbitrum
2022-11-01,25626,Avalanche
2022-11-01,137989,Ethereum
2022-11-01,68203,Optimism
2022-11-01,128683,Polygon
2022-11-01,94730,Solana
2022-10-31,90242,Arbitrum
2022-10-31,37514,Avalanche
2022-10-31,131314,Ethereum
2022-10-31,77977,Optimism
2022-10-31,151522,Polygon
2022-10-31,145979,Solana
2022-10-30,85953,Arbitrum
2022-10-30,26870,Avalanche
2022-10-30,132828,Ethereum
2022-10-30,79917,Optimism
2022-10-30,138809,Polygon
2022-10-30,117461,Solana
2022-10-29,86577,Arbitrum
2022-10-29,31792,Avalanche
2022-10-29,156025,Ethereum
2022-10-29,86773,Optimism
2022-10-29,154762,Polygon
2022-10-29,132826,Solana
2022-10-28,86156,Arbitrum
2022-10-28,37035,Avalanche
2022-10-28,145579,Ethereum
2022-10-28,74997,Optimism
2022-10-28,152184,Polygon
2022-10-28,110230,Solana
2022-10-27,96145,Arbitrum
2022-10-27,37948,Avalanche
2022-10-27,140382,Ethereum
2022-10-27,87240,Optimism
2022-10-27,155401,Polygon
2022-10-27,131484,Solana
2022-10-26,98182,Arbitrum
2022-10-26,40741,Avalanche
2022-10-26,152258,Ethereum
2022-10-26,83878,Optimism
2022-10-26,154149,Polygon
2022-10-26,125177,Solana
2022-10-25,84939,Arbitrum
2022-10-25,36266,Avalanche
2022-10-25,148104,Ethereum
2022-10-25,73200,Optimism
2022-10-25,150166,Polygon
2022-10-25,137244,Solana
2022-10-24,75636,Arbitrum
2022-10-24,23496,Avalanche
2022-10-24,139560,Ethereum
2022-10-24,50314,Optimism
2022-10-24,128735,Polygon
2022-10-24,77180,Solana
2022-10-23,60091,Arbitrum
2022-10-23,22463,Avalanche
2022-10-23,148885,Ethereum
2022-10-23,48994,Optimism
2022-10-23,110801,Polygon
2022-10-23,70169,Solana
2022-10-22,54697,Arbitrum
2022-10-22,19978,Avalanche
2022-10-22,120852,Ethereum
2022-10-22,34804,Optimism
2022-10-22,101790,Polygon
2022-10-22,54656,Solana
2022-10-21,57088,Arbitrum
2022-10-21,27282,Avalanche
2022-10-21,164198,Ethereum
2022-10-21,48822,Optimism
2022-10-21,122883,Polygon
2022-10-21,114839,Solana
2022-10-20,102193,Arbitrum
2022-10-20,23851,Avalanche
2022-10-20,167917,Ethereum
2022-10-20,40417,Optimism
2022-10-20,115462,Polygon
2022-10-20,113562,Solana
2022-10-19,107706,Arbitrum
2022-10-19,21550,Avalanche
2022-10-19,151131,Ethereum
2022-10-19,41446,Optimism
2022-10-19,120939,Polygon
2022-10-19,72026,Solana
2022-10-18,54563,Arbitrum
2022-10-18,22746,Avalanche
2022-10-18,159821,Ethereum
2022-10-18,53400,Optimism
2022-10-18,122850,Polygon
2022-10-18,101561,Solana
2022-10-17,51837,Arbitrum
2022-10-17,23781,Avalanche
2022-10-17,156168,Ethereum
2022-10-17,43794,Optimism
2022-10-17,135097,Polygon
2022-10-17,73213,Solana
2022-10-16,44268,Arbitrum
2022-10-16,24612,Avalanche
2022-10-16,127729,Ethereum
2022-10-16,46984,Optimism
2022-10-16,117505,Polygon
2022-10-16,60449,Solana
2022-10-15,38616,Arbitrum
2022-10-15,20638,Avalanche
2022-10-15,101516,Ethereum
2022-10-15,34630,Optimism
2022-10-15,89248,Polygon
2022-10-15,63511,Solana
2022-10-14,55421,Arbitrum
2022-10-14,25030,Avalanche
2022-10-14,109377,Ethereum
2022-10-14,52401,Optimism
2022-10-14,122169,Polygon
2022-10-14,117185,Solana
2022-10-13,56713,Arbitrum
2022-10-13,36670,Avalanche
2022-10-13,116581,Ethereum
2022-10-13,70927,Optimism
2022-10-13,142287,Polygon
2022-10-13,163885,Solana
2022-10-12,39320,Arbitrum
2022-10-12,19716,Avalanche
2022-10-12,106254,Ethereum
2022-10-12,42083,Optimism
2022-10-12,135862,Polygon
2022-10-12,97585,Solana
2022-10-11,38572,Arbitrum
2022-10-11,26799,Avalanche
2022-10-11,110235,Ethereum
2022-10-11,38490,Optimism
2022-10-11,156368,Polygon
2022-10-11,232879,Solana
2022-10-10,37958,Arbitrum
2022-10-10,25277,Avalanche
2022-10-10,98099,Ethereum
2022-10-10,32502,Optimism
2022-10-10,149411,Polygon
2022-10-10,84598,Solana
2022-10-09,39060,Arbitrum
2022-10-09,21356,Avalanche
2022-10-09,82436,Ethereum
2022-10-09,21543,Optimism
2022-10-09,117612,Polygon
2022-10-09,56742,Solana
2022-10-08,61670,Arbitrum
2022-10-08,20571,Avalanche
2022-10-08,107551,Ethereum
2022-10-08,32879,Optimism
2022-10-08,146270,Polygon
2022-10-08,56287,Solana
2022-10-07,59387,Arbitrum
2022-10-07,21539,Avalanche
2022-10-07,124367,Ethereum
2022-10-07,40713,Optimism
2022-10-07,152214,Polygon
2022-10-07,86066,Solana
2022-10-06,61732,Arbitrum
2022-10-06,25109,Avalanche
2022-10-06,123366,Ethereum
2022-10-06,54981,Optimism
2022-10-06,182907,Polygon
2022-10-06,85646,Solana
2022-10-05,55157,Arbitrum
2022-10-05,28667,Avalanche
2022-10-05,128007,Ethereum
2022-10-05,42213,Optimism
2022-10-05,173149,Polygon
2022-10-05,77302,Solana
2022-10-04,44510,Arbitrum
2022-10-04,22669,Avalanche
2022-10-04,128466,Ethereum
2022-10-04,40614,Optimism
2022-10-04,158145,Polygon
2022-10-04,91803,Solana
2022-10-03,45658,Arbitrum
2022-10-03,24884,Avalanche
2022-10-03,115924,Ethereum
2022-10-03,42802,Optimism
2022-10-03,185075,Polygon
2022-10-03,91923,Solana
2022-10-02,52493,Arbitrum
2022-10-02,20873,Avalanche
2022-10-02,128494,Ethereum
2022-10-02,45006,Optimism
2022-10-02,156752,Polygon
2022-10-02,82584,Solana
2022-10-01,42426,Arbitrum
2022-10-01,19455,Avalanche
2022-10-01,113065,Ethereum
2022-10-01,43311,Optimism
2022-10-01,140220,Polygon
2022-10-01,98385,Solana
2022-09-30,54718,Arbitrum
2022-09-30,29606,Avalanche
2022-09-30,126635,Ethereum
2022-09-30,71287,Optimism
2022-09-30,178115,Polygon
2022-09-30,115651,Solana
2022-09-29,56752,Arbitrum
2022-09-29,33394,Avalanche
2022-09-29,135032,Ethereum
2022-09-29,65736,Optimism
2022-09-29,169058,Polygon
2022-09-29,142625,Solana
2022-09-28,55407,Arbitrum
2022-09-28,30062,Avalanche
2022-09-28,130038,Ethereum
2022-09-28,72096,Optimism
2022-09-28,190905,Polygon
2022-09-28,128754,Solana
2022-09-27,48264,Arbitrum
2022-09-27,31827,Avalanche
2022-09-27,127829,Ethereum
2022-09-27,62939,Optimism
2022-09-27,208534,Polygon
2022-09-27,165973,Solana
2022-09-26,60208,Arbitrum
2022-09-26,27776,Avalanche
2022-09-26,133158,Ethereum
2022-09-26,68184,Optimism
2022-09-26,170036,Polygon
2022-09-26,143718,Solana
2022-09-25,53322,Arbitrum
2022-09-25,22817,Avalanche
2022-09-25,120266,Ethereum
2022-09-25,57530,Optimism
2022-09-25,134617,Polygon
2022-09-25,104520,Solana
2022-09-24,48709,Arbitrum
2022-09-24,22726,Avalanche
2022-09-24,112577,Ethereum
2022-09-24,55851,Optimism
2022-09-24,141558,Polygon
2022-09-24,116086,Solana
2022-09-23,71052,Arbitrum
2022-09-23,30916,Avalanche
2022-09-23,122925,Ethereum
2022-09-23,93981,Optimism
2022-09-23,190660,Polygon
2022-09-23,166738,Solana
2022-09-22,63405,Arbitrum
2022-09-22,30395,Avalanche
2022-09-22,111127,Ethereum
2022-09-22,79162,Optimism
2022-09-22,174267,Polygon
2022-09-22,128429,Solana
2022-09-21,69604,Arbitrum
2022-09-21,36483,Avalanche
2022-09-21,119144,Ethereum
2022-09-21,117630,Optimism
2022-09-21,177407,Polygon
2022-09-21,186623,Solana
2022-09-20,49361,Arbitrum
2022-09-20,28503,Avalanche
2022-09-20,109337,Ethereum
2022-09-20,106281,Optimism
2022-09-20,139532,Polygon
2022-09-20,137495,Solana
2022-09-19,47508,Arbitrum
2022-09-19,37436,Avalanche
2022-09-19,114876,Ethereum
2022-09-19,74999,Optimism
2022-09-19,167419,Polygon
2022-09-19,165359,Solana
2022-09-18,39045,Arbitrum
2022-09-18,35630,Avalanche
2022-09-18,107900,Ethereum
2022-09-18,51057,Optimism
2022-09-18,153219,Polygon
2022-09-18,101004,Solana
2022-09-17,26449,Arbitrum
2022-09-17,30910,Avalanche
2022-09-17,95807,Ethereum
2022-09-17,32167,Optimism
2022-09-17,102012,Polygon
2022-09-17,88017,Solana
2022-09-16,40185,Arbitrum
2022-09-16,30078,Avalanche
2022-09-16,97305,Ethereum
2022-09-16,53657,Optimism
2022-09-16,136357,Polygon
2022-09-16,122177,Solana
2022-09-15,44911,Arbitrum
2022-09-15,33827,Avalanche
2022-09-15,106393,Ethereum
2022-09-15,78242,Optimism
2022-09-15,165032,Polygon
2022-09-15,149056,Solana
2022-09-14,36249,Arbitrum
2022-09-14,31147,Avalanche
2022-09-14,102939,Ethereum
2022-09-14,59900,Optimism
2022-09-14,141756,Polygon
2022-09-14,136470,Solana
2022-09-13,54293,Arbitrum
2022-09-13,40606,Avalanche
2022-09-13,117863,Ethereum
2022-09-13,70946,Optimism
2022-09-13,167862,Polygon
2022-09-13,193111,Solana
2022-09-12,49431,Arbitrum
2022-09-12,41146,Avalanche
2022-09-12,104442,Ethereum
2022-09-12,60164,Optimism
2022-09-12,154460,Polygon
2022-09-12,194422,Solana
2022-09-11,45804,Arbitrum
2022-09-11,28022,Avalanche
2022-09-11,102831,Ethereum
2022-09-11,45540,Optimism
2022-09-11,106766,Polygon
2022-09-11,142718,Solana
2022-09-10,48111,Arbitrum
2022-09-10,31829,Avalanche
2022-09-10,93246,Ethereum
2022-09-10,54547,Optimism
2022-09-10,117165,Polygon
2022-09-10,143184,Solana
2022-09-09,54095,Arbitrum
2022-09-09,39761,Avalanche
2022-09-09,96669,Ethereum
2022-09-09,62342,Optimism
2022-09-09,135613,Polygon
2022-09-09,179948,Solana
2022-09-08,57195,Arbitrum
2022-09-08,31620,Avalanche
2022-09-08,104394,Ethereum
2022-09-08,54380,Optimism
2022-09-08,131567,Polygon
2022-09-08,151901,Solana
2022-09-07,56450,Arbitrum
2022-09-07,32143,Avalanche
2022-09-07,106040,Ethereum
2022-09-07,52156,Optimism
2022-09-07,137252,Polygon
2022-09-07,130778,Solana
2022-09-06,65594,Arbitrum
2022-09-06,37053,Avalanche
2022-09-06,116065,Ethereum
2022-09-06,74984,Optimism
2022-09-06,152947,Polygon
2022-09-06,208575,Solana
2022-09-05,46277,Arbitrum
2022-09-05,26304,Avalanche
2022-09-05,93836,Ethereum
2022-09-05,41123,Optimism
2022-09-05,109288,Polygon
2022-09-05,101790,Solana
2022-09-04,48901,Arbitrum
2022-09-04,24160,Avalanche
2022-09-04,84496,Ethereum
2022-09-04,35937,Optimism
2022-09-04,95405,Polygon
2022-09-04,96038,Solana
2022-09-03,43482,Arbitrum
2022-09-03,23147,Avalanche
2022-09-03,83316,Ethereum
2022-09-03,40930,Optimism
2022-09-03,103017,Polygon
2022-09-03,80821,Solana
2022-09-02,42957,Arbitrum
2022-09-02,32232,Avalanche
2022-09-02,94592,Ethereum
2022-09-02,61795,Optimism
2022-09-02,137280,Polygon
2022-09-02,113385,Solana
2022-09-01,46131,Arbitrum
2022-09-01,35666,Avalanche
2022-09-01,95846,Ethereum
2022-09-01,62147,Optimism
2022-09-01,150290,Polygon
2022-09-01,125931,Solana
2022-08-31,62662,Arbitrum
2022-08-31,37429,Avalanche
2022-08-31,95181,Ethereum
2022-08-31,71860,Optimism
2022-08-31,135121,Polygon
2022-08-31,129498,Solana
2022-08-30,52689,Arbitrum
2022-08-30,43704,Avalanche
2022-08-30,110244,Ethereum
2022-08-30,66421,Optimism
2022-08-30,147631,Polygon
2022-08-30,138907,Solana
2022-08-29,43135,Arbitrum
2022-08-29,42633,Avalanche
2022-08-29,102577,Ethereum
2022-08-29,65085,Optimism
2022-08-29,140733,Polygon
2022-08-29,126793,Solana
2022-08-28,52892,Arbitrum
2022-08-28,37294,Avalanche
2022-08-28,90551,Ethereum
2022-08-28,53620,Optimism
2022-08-28,114672,Polygon
2022-08-28,107111,Solana
2022-08-27,34044,Arbitrum
2022-08-27,35292,Avalanche
2022-08-27,97521,Ethereum
2022-08-27,58176,Optimism
2022-08-27,126755,Polygon
2022-08-27,114454,Solana
2022-08-26,32987,Arbitrum
2022-08-26,44889,Avalanche
2022-08-26,116146,Ethereum
2022-08-26,69536,Optimism
2022-08-26,142867,Polygon
2022-08-26,182427,Solana
2022-08-25,23390,Arbitrum
2022-08-25,31240,Avalanche
2022-08-25,108035,Ethereum
2022-08-25,41087,Optimism
2022-08-25,113376,Polygon
2022-08-25,105077,Solana
2022-08-24,21057,Arbitrum
2022-08-24,34067,Avalanche
2022-08-24,103954,Ethereum
2022-08-24,51665,Optimism
2022-08-24,132708,Polygon
2022-08-24,114762,Solana
2022-08-23,24657,Arbitrum
2022-08-23,37872,Avalanche
2022-08-23,105390,Ethereum
2022-08-23,63230,Optimism
2022-08-23,163717,Polygon
2022-08-23,109403,Solana
2022-08-22,22598,Arbitrum
2022-08-22,39139,Avalanche
2022-08-22,103632,Ethereum
2022-08-22,60713,Optimism
2022-08-22,164052,Polygon
2022-08-22,127996,Solana
2022-08-21,18802,Arbitrum
2022-08-21,34439,Avalanche
2022-08-21,97897,Ethereum
2022-08-21,52911,Optimism
2022-08-21,128250,Polygon
2022-08-21,112199,Solana
2022-08-20,17264,Arbitrum
2022-08-20,40399,Avalanche
2022-08-20,96937,Ethereum
2022-08-20,67527,Optimism
2022-08-20,144867,Polygon
2022-08-20,120190,Solana
2022-08-19,22938,Arbitrum
2022-08-19,58152,Avalanche
2022-08-19,113554,Ethereum
2022-08-19,85709,Optimism
2022-08-19,184355,Polygon
2022-08-19,161886,Solana
2022-08-18,15671,Arbitrum
2022-08-18,37824,Avalanche
2022-08-18,92805,Ethereum
2022-08-18,51945,Optimism
2022-08-18,128836,Polygon
2022-08-18,97466,Solana
2022-08-17,20329,Arbitrum
2022-08-17,38220,Avalanche
2022-08-17,104350,Ethereum
2022-08-17,67733,Optimism
2022-08-17,148824,Polygon
2022-08-17,142407,Solana
2022-08-16,20022,Arbitrum
2022-08-16,36836,Avalanche
2022-08-16,98461,Ethereum
2022-08-16,83541,Optimism
2022-08-16,137521,Polygon
2022-08-16,140958,Solana
2022-08-15,20990,Arbitrum
2022-08-15,39161,Avalanche
2022-08-15,109062,Ethereum
2022-08-15,66302,Optimism
2022-08-15,147655,Polygon
2022-08-15,145152,Solana
2022-08-14,18906,Arbitrum
2022-08-14,33133,Avalanche
2022-08-14,118911,Ethereum
2022-08-14,45839,Optimism
2022-08-14,127964,Polygon
2022-08-14,114324,Solana
2022-08-13,17582,Arbitrum
2022-08-13,33921,Avalanche
2022-08-13,113108,Ethereum
2022-08-13,46081,Optimism
2022-08-13,158630,Polygon
2022-08-13,131382,Solana
2022-08-12,17238,Arbitrum
2022-08-12,34444,Avalanche
2022-08-12,99764,Ethereum
2022-08-12,51044,Optimism
2022-08-12,126865,Polygon
2022-08-12,127410,Solana
2022-08-11,23238,Arbitrum
2022-08-11,42163,Avalanche
2022-08-11,107944,Ethereum
2022-08-11,63720,Optimism
2022-08-11,131832,Polygon
2022-08-11,167451,Solana
2022-08-10,23328,Arbitrum
2022-08-10,46880,Avalanche
2022-08-10,101482,Ethereum
2022-08-10,66142,Optimism
2022-08-10,130013,Polygon
2022-08-10,117173,Solana
2022-08-09,23445,Arbitrum
2022-08-09,41008,Avalanche
2022-08-09,101668,Ethereum
2022-08-09,52194,Optimism
2022-08-09,113401,Polygon
2022-08-09,93538,Solana
2022-08-08,24424,Arbitrum
2022-08-08,48257,Avalanche
2022-08-08,108163,Ethereum
2022-08-08,55923,Optimism
2022-08-08,119882,Polygon
2022-08-08,107026,Solana
2022-08-07,20569,Arbitrum
2022-08-07,37959,Avalanche
2022-08-07,88251,Ethereum
2022-08-07,40624,Optimism
2022-08-07,101693,Polygon
2022-08-07,71748,Solana
2022-08-06,20430,Arbitrum
2022-08-06,38364,Avalanche
2022-08-06,91003,Ethereum
2022-08-06,50492,Optimism
2022-08-06,106589,Polygon
2022-08-06,71192,Solana
2022-08-05,24825,Arbitrum
2022-08-05,38377,Avalanche
2022-08-05,98195,Ethereum
2022-08-05,83998,Optimism
2022-08-05,128194,Polygon
2022-08-05,107368,Solana
2022-08-04,18663,Arbitrum
2022-08-04,38829,Avalanche
2022-08-04,93422,Ethereum
2022-08-04,98649,Optimism
2022-08-04,126872,Polygon
2022-08-04,105883,Solana
2022-08-03,21105,Arbitrum
2022-08-03,41049,Avalanche
2022-08-03,99357,Ethereum
2022-08-03,95441,Optimism
2022-08-03,125622,Polygon
2022-08-03,196732,Solana
2022-08-02,20301,Arbitrum
2022-08-02,41419,Avalanche
2022-08-02,102900,Ethereum
2022-08-02,93682,Optimism
2022-08-02,127628,Polygon
2022-08-02,144622,Solana
2022-08-01,18259,Arbitrum
2022-08-01,41102,Avalanche
2022-08-01,99472,Ethereum
2022-08-01,70305,Optimism
2022-08-01,141396,Polygon
2022-08-01,135717,Solana
2022-07-31,19738,Arbitrum
2022-07-31,39538,Avalanche
2022-07-31,107349,Ethereum
2022-07-31,81246,Optimism
2022-07-31,158802,Polygon
2022-07-31,131563,Solana
2022-07-30,17201,Arbitrum
2022-07-30,45324,Avalanche
2022-07-30,113105,Ethereum
2022-07-30,102782,Optimism
2022-07-30,146601,Polygon
2022-07-30,159030,Solana
2022-07-29,21041,Arbitrum
2022-07-29,53259,Avalanche
2022-07-29,116828,Ethereum
2022-07-29,136656,Optimism
2022-07-29,186910,Polygon
2022-07-29,185861,Solana
2022-07-28,22511,Arbitrum
2022-07-28,47611,Avalanche
2022-07-28,110826,Ethereum
2022-07-28,111617,Optimism
2022-07-28,183493,Polygon
2022-07-28,202656,Solana
2022-07-27,16575,Arbitrum
2022-07-27,44186,Avalanche
2022-07-27,101256,Ethereum
2022-07-27,68088,Optimism
2022-07-27,156716,Polygon
2022-07-27,135888,Solana
2022-07-26,17908,Arbitrum
2022-07-26,39976,Avalanche
2022-07-26,86282,Ethereum
2022-07-26,52710,Optimism
2022-07-26,142692,Polygon
2022-07-26,145746,Solana
2022-07-25,20267,Arbitrum
2022-07-25,44030,Avalanche
2022-07-25,92415,Ethereum
2022-07-25,54264,Optimism
2022-07-25,145609,Polygon
2022-07-25,166754,Solana
2022-07-24,18034,Arbitrum
2022-07-24,36632,Avalanche
2022-07-24,86941,Ethereum
2022-07-24,58676,Optimism
2022-07-24,127069,Polygon
2022-07-24,144715,Solana
2022-07-23,14624,Arbitrum
2022-07-23,35746,Avalanche
2022-07-23,87904,Ethereum
2022-07-23,58976,Optimism
2022-07-23,129937,Polygon
2022-07-23,200187,Solana
2022-07-22,17721,Arbitrum
2022-07-22,40661,Avalanche
2022-07-22,97186,Ethereum
2022-07-22,58597,Optimism
2022-07-22,148419,Polygon
2022-07-22,183723,Solana
2022-07-21,18785,Arbitrum
2022-07-21,47702,Avalanche
2022-07-21,98746,Ethereum
2022-07-21,57646,Optimism
2022-07-21,180361,Polygon
2022-07-21,252408,Solana
2022-07-20,21797,Arbitrum
2022-07-20,58564,Avalanche
2022-07-20,103374,Ethereum
2022-07-20,60664,Optimism
2022-07-20,188178,Polygon
2022-07-20,294758,Solana
2022-07-19,23742,Arbitrum
2022-07-19,61241,Avalanche
2022-07-19,105174,Ethereum
2022-07-19,66142,Optimism
2022-07-19,198634,Polygon
2022-07-19,312297,Solana
2022-07-18,23670,Arbitrum
2022-07-18,56531,Avalanche
2022-07-18,104919,Ethereum
2022-07-18,64904,Optimism
2022-07-18,249205,Polygon
2022-07-18,239319,Solana
2022-07-17,17081,Arbitrum
2022-07-17,38688,Avalanche
2022-07-17,81843,Ethereum
2022-07-17,42902,Optimism
2022-07-17,156594,Polygon
2022-07-17,198678,Solana
2022-07-16,14227,Arbitrum
2022-07-16,40014,Avalanche
2022-07-16,95202,Ethereum
2022-07-16,35775,Optimism
2022-07-16,152612,Polygon
2022-07-16,201233,Solana
2022-07-15,15698,Arbitrum
2022-07-15,42548,Avalanche
2022-07-15,83634,Ethereum
2022-07-15,37839,Optimism
2022-07-15,216202,Polygon
2022-07-15,205879,Solana
2022-07-14,14727,Arbitrum
2022-07-14,41984,Avalanche
2022-07-14,82038,Ethereum
2022-07-14,35041,Optimism
2022-07-14,217492,Polygon
2022-07-14,196044,Solana
2022-07-13,16100,Arbitrum
2022-07-13,47203,Avalanche
2022-07-13,84227,Ethereum
2022-07-13,38202,Optimism
2022-07-13,172190,Polygon
2022-07-13,172471,Solana
2022-07-12,9429,Arbitrum
2022-07-12,38483,Avalanche
2022-07-12,85655,Ethereum
2022-07-12,25437,Optimism
2022-07-12,148021,Polygon
2022-07-12,144881,Solana
2022-07-11,9269,Arbitrum
2022-07-11,37173,Avalanche
2022-07-11,83960,Ethereum
2022-07-11,26158,Optimism
2022-07-11,146651,Polygon
2022-07-11,136379,Solana
2022-07-10,9004,Arbitrum
2022-07-10,31591,Avalanche
2022-07-10,76088,Ethereum
2022-07-10,19939,Optimism
2022-07-10,111966,Polygon
2022-07-10,107367,Solana
2022-07-09,8876,Arbitrum
2022-07-09,30245,Avalanche
2022-07-09,73485,Ethereum
2022-07-09,19501,Optimism
2022-07-09,125409,Polygon
2022-07-09,133242,Solana
2022-07-08,13417,Arbitrum
2022-07-08,46346,Avalanche
2022-07-08,84495,Ethereum
2022-07-08,31310,Optimism
2022-07-08,161841,Polygon
2022-07-08,199655,Solana
2022-07-07,11581,Arbitrum
2022-07-07,47469,Avalanche
2022-07-07,87723,Ethereum
2022-07-07,20704,Optimism
2022-07-07,136026,Polygon
2022-07-07,173642,Solana
2022-07-06,15136,Arbitrum
2022-07-06,51731,Avalanche
2022-07-06,87655,Ethereum
2022-07-06,30188,Optimism
2022-07-06,154383,Polygon
2022-07-06,219117,Solana
2022-07-05,13389,Arbitrum
2022-07-05,44396,Avalanche
2022-07-05,86924,Ethereum
2022-07-05,28641,Optimism
2022-07-05,161742,Polygon
2022-07-05,223662,Solana
2022-07-04,14092,Arbitrum
2022-07-04,43489,Avalanche
2022-07-04,78372,Ethereum
2022-07-04,27715,Optimism
2022-07-04,112400,Polygon
2022-07-04,193457,Solana
2022-07-03,10346,Arbitrum
2022-07-03,45240,Avalanche
2022-07-03,68749,Ethereum
2022-07-03,24742,Optimism
2022-07-03,110016,Polygon
2022-07-03,129215,Solana
2022-07-02,10424,Arbitrum
2022-07-02,43756,Avalanche
2022-07-02,72545,Ethereum
2022-07-02,24883,Optimism
2022-07-02,118455,Polygon
2022-07-02,170955,Solana
2022-07-01,18680,Arbitrum
2022-07-01,54190,Avalanche
2022-07-01,81704,Ethereum
2022-07-01,36385,Optimism
2022-07-01,163638,Polygon
2022-07-01,261475,Solana
2022-06-30,17085,Arbitrum
2022-06-30,62599,Avalanche
2022-06-30,79420,Ethereum
2022-06-30,36140,Optimism
2022-06-30,205818,Polygon
2022-06-30,287157,Solana
2022-06-29,22736,Arbitrum
2022-06-29,55813,Avalanche
2022-06-29,71973,Ethereum
2022-06-29,31979,Optimism
2022-06-29,191992,Polygon
2022-06-29,344756,Solana
2022-06-28,21242,Arbitrum
2022-06-28,51623,Avalanche
2022-06-28,70943,Ethereum
2022-06-28,28023,Optimism
2022-06-28,170780,Polygon
2022-06-28,293879,Solana
2022-06-27,15088,Arbitrum
2022-06-27,52511,Avalanche
2022-06-27,57272,Ethereum
2022-06-27,27033,Optimism
2022-06-27,169709,Polygon
2022-06-27,257124,Solana
2022-06-26,16062,Arbitrum
2022-06-26,51609,Avalanche
2022-06-26,62068,Ethereum
2022-06-26,31894,Optimism
2022-06-26,157091,Polygon
2022-06-26,319583,Solana
2022-06-25,15872,Arbitrum
2022-06-25,57102,Avalanche
2022-06-25,62736,Ethereum
2022-06-25,36610,Optimism
2022-06-25,169806,Polygon
2022-06-25,362792,Solana
2022-06-24,17430,Arbitrum
2022-06-24,69377,Avalanche
2022-06-24,71243,Ethereum
2022-06-24,40385,Optimism
2022-06-24,205821,Polygon
2022-06-24,391791,Solana
2022-06-23,17025,Arbitrum
2022-06-23,62010,Avalanche
2022-06-23,64685,Ethereum
2022-06-23,35011,Optimism
2022-06-23,196128,Polygon
2022-06-23,435642,Solana
2022-06-22,21678,Arbitrum
2022-06-22,54491,Avalanche
2022-06-22,72715,Ethereum
2022-06-22,47410,Optimism
2022-06-22,187299,Polygon
2022-06-22,502696,Solana
2022-06-21,20293,Arbitrum
2022-06-21,58610,Avalanche
2022-06-21,79641,Ethereum
2022-06-21,42381,Optimism
2022-06-21,171326,Polygon
2022-06-21,439171,Solana
2022-06-20,21768,Arbitrum
2022-06-20,65486,Avalanche
2022-06-20,88009,Ethereum
2022-06-20,55975,Optimism
2022-06-20,183793,Polygon
2022-06-20,505751,Solana
2022-06-19,21229,Arbitrum
2022-06-19,63095,Avalanche
2022-06-19,89986,Ethereum
2022-06-19,57361,Optimism
2022-06-19,191357,Polygon
2022-06-19,525570,Solana
2022-06-18,23215,Arbitrum
2022-06-18,76683,Avalanche
2022-06-18,85761,Ethereum
2022-06-18,48467,Optimism
2022-06-18,176224,Polygon
2022-06-18,502600,Solana
2022-06-17,19458,Arbitrum
2022-06-17,50336,Avalanche
2022-06-17,67629,Ethereum
2022-06-17,38656,Optimism
2022-06-17,158809,Polygon
2022-06-17,408656,Solana
2022-06-16,19993,Arbitrum
2022-06-16,64365,Avalanche
2022-06-16,83514,Ethereum
2022-06-16,52905,Optimism
2022-06-16,207364,Polygon
2022-06-16,500011,Solana
2022-06-15,29906,Arbitrum
2022-06-15,91864,Avalanche
2022-06-15,102040,Ethereum
2022-06-15,86813,Optimism
2022-06-15,261908,Polygon
2022-06-15,596234,Solana
2022-06-14,25779,Arbitrum
2022-06-14,87201,Avalanche
2022-06-14,98411,Ethereum
2022-06-14,79086,Optimism
2022-06-14,249650,Polygon
2022-06-14,564653,Solana
2022-06-13,30190,Arbitrum
2022-06-13,130114,Avalanche
2022-06-13,109934,Ethereum
2022-06-13,96348,Optimism
2022-06-13,279971,Polygon
2022-06-13,632876,Solana
2022-06-12,20124,Arbitrum
2022-06-12,76611,Avalanche
2022-06-12,82486,Ethereum
2022-06-12,65609,Optimism
2022-06-12,176908,Polygon
2022-06-12,506440,Solana
2022-06-11,20076,Arbitrum
2022-06-11,55499,Avalanche
2022-06-11,74263,Ethereum
2022-06-11,41080,Optimism
2022-06-11,162158,Polygon
2022-06-11,393442,Solana
2022-06-10,15055,Arbitrum
2022-06-10,46845,Avalanche
2022-06-10,64715,Ethereum
2022-06-10,36618,Optimism
2022-06-10,159039,Polygon
2022-06-10,378729,Solana
2022-06-09,15678,Arbitrum
2022-06-09,41838,Avalanche
2022-06-09,57659,Ethereum
2022-06-09,27795,Optimism
2022-06-09,141037,Polygon
2022-06-09,397875,Solana
2022-06-08,17554,Arbitrum
2022-06-08,48554,Avalanche
2022-06-08,59065,Ethereum
2022-06-08,38905,Optimism
2022-06-08,150375,Polygon
2022-06-08,444950,Solana
2022-06-07,20464,Arbitrum
2022-06-07,56016,Avalanche
2022-06-07,66959,Ethereum
2022-06-07,40385,Optimism
2022-06-07,155068,Polygon
2022-06-07,465976,Solana
2022-06-06,18376,Arbitrum
2022-06-06,55756,Avalanche
2022-06-06,65846,Ethereum
2022-06-06,31053,Optimism
2022-06-06,145403,Polygon
2022-06-06,386637,Solana
2022-06-05,15801,Arbitrum
2022-06-05,43804,Avalanche
2022-06-05,51624,Ethereum
2022-06-05,25342,Optimism
2022-06-05,118016,Polygon
2022-06-05,403935,Solana
2022-06-04,14054,Arbitrum
2022-06-04,43649,Avalanche
2022-06-04,51746,Ethereum
2022-06-04,24565,Optimism
2022-06-04,119681,Polygon
2022-06-04,356070,Solana
2022-06-03,15681,Arbitrum
2022-06-03,46878,Avalanche
2022-06-03,54338,Ethereum
2022-06-03,37582,Optimism
2022-06-03,130867,Polygon
2022-06-03,318582,Solana
2022-06-02,20550,Arbitrum
2022-06-02,51826,Avalanche
2022-06-02,48374,Ethereum
2022-06-02,60824,Optimism
2022-06-02,144635,Polygon
2022-06-02,455436,Solana
2022-06-01,17558,Arbitrum
2022-06-01,56254,Avalanche
2022-06-01,63694,Ethereum
2022-06-01,84426,Optimism
2022-06-01,171464,Polygon
2022-06-01,398035,Solana
2022-05-31,16616,Arbitrum
2022-05-31,58993,Avalanche
2022-05-31,65269,Ethereum
2022-05-31,53232,Optimism
2022-05-31,171872,Polygon
2022-05-31,469083,Solana
2022-05-30,15533,Arbitrum
2022-05-30,62684,Avalanche
2022-05-30,72828,Ethereum
2022-05-30,27213,Optimism
2022-05-30,148833,Polygon
2022-05-30,457987,Solana
2022-05-29,13273,Arbitrum
2022-05-29,51402,Avalanche
2022-05-29,57005,Ethereum
2022-05-29,18712,Optimism
2022-05-29,111032,Polygon
2022-05-29,438477,Solana
2022-05-28,13427,Arbitrum
2022-05-28,54001,Avalanche
2022-05-28,62214,Ethereum
2022-05-28,23548,Optimism
2022-05-28,138126,Polygon
2022-05-28,440202,Solana
2022-05-27,17462,Arbitrum
2022-05-27,80320,Avalanche
2022-05-27,79062,Ethereum
2022-05-27,41615,Optimism
2022-05-27,191097,Polygon
2022-05-27,641115,Solana
2022-05-26,14795,Arbitrum
2022-05-26,73389,Avalanche
2022-05-26,76097,Ethereum
2022-05-26,33571,Optimism
2022-05-26,185136,Polygon
2022-05-26,622507,Solana
2022-05-25,13837,Arbitrum
2022-05-25,54443,Avalanche
2022-05-25,71251,Ethereum
2022-05-25,24948,Optimism
2022-05-25,158312,Polygon
2022-05-25,479753,Solana
2022-05-24,14269,Arbitrum
2022-05-24,53434,Avalanche
2022-05-24,73575,Ethereum
2022-05-24,32666,Optimism
2022-05-24,149536,Polygon
2022-05-24,493014,Solana
2022-05-23,16536,Arbitrum
2022-05-23,63897,Avalanche
2022-05-23,87726,Ethereum
2022-05-23,30426,Optimism
2022-05-23,170420,Polygon
2022-05-23,581758,Solana
2022-05-22,13955,Arbitrum
2022-05-22,55398,Avalanche
2022-05-22,70132,Ethereum
2022-05-22,21425,Optimism
2022-05-22,143059,Polygon
2022-05-22,447164,Solana
2022-05-21,12483,Arbitrum
2022-05-21,47914,Avalanche
2022-05-21,70338,Ethereum
2022-05-21,24183,Optimism
2022-05-21,144331,Polygon
2022-05-21,433910,Solana
2022-05-20,13251,Arbitrum
2022-05-20,69009,Avalanche
2022-05-20,81177,Ethereum
2022-05-20,29272,Optimism
2022-05-20,172772,Polygon
2022-05-20,493750,Solana
2022-05-19,16719,Arbitrum
2022-05-19,72834,Avalanche
2022-05-19,93393,Ethereum
2022-05-19,32603,Optimism
2022-05-19,183706,Polygon
2022-05-19,526791,Solana
2022-05-18,13843,Arbitrum
2022-05-18,71420,Avalanche
2022-05-18,82638,Ethereum
2022-05-18,29849,Optimism
2022-05-18,166739,Polygon
2022-05-18,506322,Solana
2022-05-17,13715,Arbitrum
2022-05-17,66707,Avalanche
2022-05-17,76338,Ethereum
2022-05-17,26990,Optimism
2022-05-17,150364,Polygon
2022-05-17,506014,Solana
2022-05-16,18190,Arbitrum
2022-05-16,83526,Avalanche
2022-05-16,90424,Ethereum
2022-05-16,38962,Optimism
2022-05-16,185025,Polygon
2022-05-16,568396,Solana
2022-05-15,15832,Arbitrum
2022-05-15,81999,Avalanche
2022-05-15,95154,Ethereum
2022-05-15,35389,Optimism
2022-05-15,154188,Polygon
2022-05-15,572436,Solana
2022-05-14,13449,Arbitrum
2022-05-14,100167,Avalanche
2022-05-14,105174,Ethereum
2022-05-14,45459,Optimism
2022-05-14,209918,Polygon
2022-05-14,628299,Solana
2022-05-13,13580,Arbitrum
2022-05-13,136867,Avalanche
2022-05-13,106221,Ethereum
2022-05-13,60777,Optimism
2022-05-13,280165,Polygon
2022-05-13,661893,Solana
2022-05-12,23388,Arbitrum
2022-05-12,179975,Avalanche
2022-05-12,108806,Ethereum
2022-05-12,88629,Optimism
2022-05-12,295680,Polygon
2022-05-12,870724,Solana
2022-05-11,28875,Arbitrum
2022-05-11,173913,Avalanche
2022-05-11,119568,Ethereum
2022-05-11,137656,Optimism
2022-05-11,316289,Polygon
2022-05-11,898365,Solana
2022-05-10,21065,Arbitrum
2022-05-10,119387,Avalanche
2022-05-10,103082,Ethereum
2022-05-10,89878,Optimism
2022-05-10,264612,Polygon
2022-05-10,796899,Solana
2022-05-09,28122,Arbitrum
2022-05-09,105088,Avalanche
2022-05-09,100025,Ethereum
2022-05-09,66571,Optimism
2022-05-09,266168,Polygon
2022-05-09,609196,Solana
2022-05-08,19382,Arbitrum
2022-05-08,71578,Avalanche
2022-05-08,77846,Ethereum
2022-05-08,41474,Optimism
2022-05-08,159342,Polygon
2022-05-08,478175,Solana
2022-05-07,13919,Arbitrum
2022-05-07,63040,Avalanche
2022-05-07,64717,Ethereum
2022-05-07,31179,Optimism
2022-05-07,140906,Polygon
2022-05-07,463899,Solana
2022-05-06,18735,Arbitrum
2022-05-06,79177,Avalanche
2022-05-06,73049,Ethereum
2022-05-06,37114,Optimism
2022-05-06,156094,Polygon
2022-05-06,528599,Solana
2022-05-05,14932,Arbitrum
2022-05-05,83390,Avalanche
2022-05-05,75246,Ethereum
2022-05-05,39387,Optimism
2022-05-05,166309,Polygon
2022-05-05,510963,Solana
2022-05-04,15907,Arbitrum
2022-05-04,84424,Avalanche
2022-05-04,80695,Ethereum
2022-05-04,34589,Optimism
2022-05-04,156600,Polygon
2022-05-04,463417,Solana
2022-05-03,12253,Arbitrum
2022-05-03,80776,Avalanche
2022-05-03,67589,Ethereum
2022-05-03,23298,Optimism
2022-05-03,141417,Polygon
2022-05-03,449970,Solana
2022-05-02,13308,Arbitrum
2022-05-02,83603,Avalanche
2022-05-02,67948,Ethereum
2022-05-02,28789,Optimism
2022-05-02,159954,Polygon
2022-05-02,458848,Solana
2022-05-01,8613,Arbitrum
2022-05-01,77392,Avalanche
2022-05-01,71586,Ethereum
2022-05-01,26360,Optimism
2022-05-01,166486,Polygon
2022-05-01,319008,Solana
2022-04-30,14487,Arbitrum
2022-04-30,75363,Avalanche
2022-04-30,106009,Ethereum
2022-04-30,34359,Optimism
2022-04-30,194179,Polygon
2022-04-30,284008,Solana
2022-04-29,15942,Arbitrum
2022-04-29,76403,Avalanche
2022-04-29,108904,Ethereum
2022-04-29,32412,Optimism
2022-04-29,198963,Polygon
2022-04-29,419726,Solana
2022-04-28,17440,Arbitrum
2022-04-28,72860,Avalanche
2022-04-28,96424,Ethereum
2022-04-28,29712,Optimism
2022-04-28,177074,Polygon
2022-04-28,410000,Solana
2022-04-27,17338,Arbitrum
2022-04-27,74956,Avalanche
2022-04-27,89143,Ethereum
2022-04-27,29442,Optimism
2022-04-27,169475,Polygon
2022-04-27,365748,Solana
2022-04-26,11602,Arbitrum
2022-04-26,75202,Avalanche
2022-04-26,91199,Ethereum
2022-04-26,33533,Optimism
2022-04-26,174657,Polygon
2022-04-26,327222,Solana
2022-04-25,14502,Arbitrum
2022-04-25,81866,Avalanche
2022-04-25,95156,Ethereum
2022-04-25,31970,Optimism
2022-04-25,176254,Polygon
2022-04-25,345780,Solana
2022-04-24,8956,Arbitrum
2022-04-24,63369,Avalanche
2022-04-24,77539,Ethereum
2022-04-24,25367,Optimism
2022-04-24,145976,Polygon
2022-04-24,296336,Solana
2022-04-23,7578,Arbitrum
2022-04-23,69063,Avalanche
2022-04-23,84015,Ethereum
2022-04-23,27999,Optimism
2022-04-23,150562,Polygon
2022-04-23,265226,Solana
2022-04-22,9477,Arbitrum
2022-04-22,72729,Avalanche
2022-04-22,86212,Ethereum
2022-04-22,33142,Optimism
2022-04-22,194290,Polygon
2022-04-22,279127,Solana
2022-04-21,10706,Arbitrum
2022-04-21,78392,Avalanche
2022-04-21,98422,Ethereum
2022-04-21,29956,Optimism
2022-04-21,180966,Polygon
2022-04-21,308215,Solana
2022-04-20,10916,Arbitrum
2022-04-20,81721,Avalanche
2022-04-20,93553,Ethereum
2022-04-20,33647,Optimism
2022-04-20,171121,Polygon
2022-04-20,287272,Solana
2022-04-19,9073,Arbitrum
2022-04-19,79545,Avalanche
2022-04-19,92972,Ethereum
2022-04-19,25173,Optimism
2022-04-19,166531,Polygon
2022-04-19,273513,Solana
2022-04-18,9533,Arbitrum
2022-04-18,80146,Avalanche
2022-04-18,96721,Ethereum
2022-04-18,25121,Optimism
2022-04-18,179430,Polygon
2022-04-18,224258,Solana
2022-04-17,8312,Arbitrum
2022-04-17,73743,Avalanche
2022-04-17,94437,Ethereum
2022-04-17,17356,Optimism
2022-04-17,152051,Polygon
2022-04-17,173660,Solana
2022-04-16,7649,Arbitrum
2022-04-16,77620,Avalanche
2022-04-16,78292,Ethereum
2022-04-16,13296,Optimism
2022-04-16,144215,Polygon
2022-04-16,169953,Solana
2022-04-15,8732,Arbitrum
2022-04-15,80289,Avalanche
2022-04-15,77863,Ethereum
2022-04-15,18941,Optimism
2022-04-15,149796,Polygon
2022-04-15,185581,Solana
2022-04-14,7679,Arbitrum
2022-04-14,85434,Avalanche
2022-04-14,96457,Ethereum
2022-04-14,22981,Optimism
2022-04-14,167076,Polygon
2022-04-14,203108,Solana
2022-04-13,9092,Arbitrum
2022-04-13,80556,Avalanche
2022-04-13,86787,Ethereum
2022-04-13,24012,Optimism
2022-04-13,172867,Polygon
2022-04-13,218779,Solana
2022-04-12,10021,Arbitrum
2022-04-12,90938,Avalanche
2022-04-12,90991,Ethereum
2022-04-12,31184,Optimism
2022-04-12,192513,Polygon
2022-04-12,224349,Solana
2022-04-11,11055,Arbitrum
2022-04-11,99567,Avalanche
2022-04-11,100513,Ethereum
2022-04-11,38431,Optimism
2022-04-11,195202,Polygon
2022-04-11,230656,Solana
2022-04-10,5730,Arbitrum
2022-04-10,85706,Avalanche
2022-04-10,81483,Ethereum
2022-04-10,19892,Optimism
2022-04-10,150873,Polygon
2022-04-10,169498,Solana
2022-04-09,5848,Arbitrum
2022-04-09,80359,Avalanche
2022-04-09,80595,Ethereum
2022-04-09,23332,Optimism
2022-04-09,153012,Polygon
2022-04-09,139273,Solana
2022-04-08,8997,Arbitrum
2022-04-08,89738,Avalanche
2022-04-08,84046,Ethereum
2022-04-08,35823,Optimism
2022-04-08,185683,Polygon
2022-04-08,198221,Solana
2022-04-07,8709,Arbitrum
2022-04-07,91092,Avalanche
2022-04-07,85732,Ethereum
2022-04-07,34333,Optimism
2022-04-07,202243,Polygon
2022-04-07,157892,Solana
2022-04-06,11256,Arbitrum
2022-04-06,98160,Avalanche
2022-04-06,103690,Ethereum
2022-04-06,51965,Optimism
2022-04-06,205016,Polygon
2022-04-06,178620,Solana
2022-04-05,7582,Arbitrum
2022-04-05,91236,Avalanche
2022-04-05,96523,Ethereum
2022-04-05,23114,Optimism
2022-04-05,177193,Polygon
2022-04-05,178474,Solana
2022-04-04,9339,Arbitrum
2022-04-04,94892,Avalanche
2022-04-04,112678,Ethereum
2022-04-04,25982,Optimism
2022-04-04,181442,Polygon
2022-04-04,182763,Solana
2022-04-03,8928,Arbitrum
2022-04-03,95825,Avalanche
2022-04-03,108153,Ethereum
2022-04-03,24236,Optimism
2022-04-03,177430,Polygon
2022-04-03,169571,Solana
2022-04-02,11858,Arbitrum
2022-04-02,102384,Avalanche
2022-04-02,114970,Ethereum
2022-04-02,28597,Optimism
2022-04-02,190380,Polygon
2022-04-02,193631,Solana
2022-04-01,11747,Arbitrum
2022-04-01,102296,Avalanche
2022-04-01,107680,Ethereum
2022-04-01,31136,Optimism
2022-04-01,185857,Polygon
2022-04-01,217315,Solana
2022-03-31,11535,Arbitrum
2022-03-31,111100,Avalanche
2022-03-31,105171,Ethereum
2022-03-31,36493,Optimism
2022-03-31,173021,Polygon
2022-03-31,210490,Solana
2022-03-30,11517,Arbitrum
2022-03-30,105263,Avalanche
2022-03-30,108243,Ethereum
2022-03-30,39524,Optimism
2022-03-30,168662,Polygon
2022-03-30,218852,Solana
2022-03-29,12406,Arbitrum
2022-03-29,106088,Avalanche
2022-03-29,117676,Ethereum
2022-03-29,38152,Optimism
2022-03-29,172421,Polygon
2022-03-29,199422,Solana
2022-03-28,11962,Arbitrum
2022-03-28,110919,Avalanche
2022-03-28,118543,Ethereum
2022-03-28,30658,Optimism
2022-03-28,158778,Polygon
2022-03-28,193391,Solana
2022-03-27,8462,Arbitrum
2022-03-27,89008,Avalanche
2022-03-27,93713,Ethereum
2022-03-27,16877,Optimism
2022-03-27,119118,Polygon
2022-03-27,127831,Solana
2022-03-26,5873,Arbitrum
2022-03-26,90185,Avalanche
2022-03-26,81420,Ethereum
2022-03-26,15598,Optimism
2022-03-26,112520,Polygon
2022-03-26,114558,Solana
2022-03-25,11336,Arbitrum
2022-03-25,106098,Avalanche
2022-03-25,95689,Ethereum
2022-03-25,24677,Optimism
2022-03-25,145412,Polygon
2022-03-25,153117,Solana
2022-03-24,10550,Arbitrum
2022-03-24,106838,Avalanche
2022-03-24,93717,Ethereum
2022-03-24,28414,Optimism
2022-03-24,154695,Polygon
2022-03-24,166891,Solana
2022-03-23,11606,Arbitrum
2022-03-23,107024,Avalanche
2022-03-23,91075,Ethereum
2022-03-23,22211,Optimism
2022-03-23,137914,Polygon
2022-03-23,154450,Solana
2022-03-22,8894,Arbitrum
2022-03-22,111198,Avalanche
2022-03-22,94790,Ethereum
2022-03-22,19698,Optimism
2022-03-22,138230,Polygon
2022-03-22,128736,Solana
2022-03-21,8653,Arbitrum
2022-03-21,115461,Avalanche
2022-03-21,93287,Ethereum
2022-03-21,19616,Optimism
2022-03-21,131615,Polygon
2022-03-21,121761,Solana
2022-03-20,6993,Arbitrum
2022-03-20,112466,Avalanche
2022-03-20,93219,Ethereum
2022-03-20,17534,Optimism
2022-03-20,148981,Polygon
2022-03-20,119904,Solana
2022-03-19,6015,Arbitrum
2022-03-19,113533,Avalanche
2022-03-19,96679,Ethereum
2022-03-19,17311,Optimism
2022-03-19,142057,Polygon
2022-03-19,136999,Solana
2022-03-18,7139,Arbitrum
2022-03-18,117309,Avalanche
2022-03-18,105304,Ethereum
2022-03-18,16990,Optimism
2022-03-18,129486,Polygon
2022-03-18,135650,Solana
2022-03-17,7888,Arbitrum
2022-03-17,123497,Avalanche
2022-03-17,101268,Ethereum
2022-03-17,16595,Optimism
2022-03-17,132227,Polygon
2022-03-17,121515,Solana
2022-03-16,11194,Arbitrum
2022-03-16,117471,Avalanche
2022-03-16,89823,Ethereum
2022-03-16,29681,Optimism
2022-03-16,152522,Polygon
2022-03-16,134580,Solana
2022-03-15,8483,Arbitrum
2022-03-15,122749,Avalanche
2022-03-15,93093,Ethereum
2022-03-15,17262,Optimism
2022-03-15,127452,Polygon
2022-03-15,116018,Solana
2022-03-14,7922,Arbitrum
2022-03-14,132054,Avalanche
2022-03-14,89140,Ethereum
2022-03-14,17080,Optimism
2022-03-14,126767,Polygon
2022-03-14,103084,Solana
2022-03-13,5466,Arbitrum
2022-03-13,123536,Avalanche
2022-03-13,86164,Ethereum
2022-03-13,12366,Optimism
2022-03-13,100566,Polygon
2022-03-13,92113,Solana
2022-03-12,5139,Arbitrum
2022-03-12,124772,Avalanche
2022-03-12,79072,Ethereum
2022-03-12,10719,Optimism
2022-03-12,90965,Polygon
2022-03-12,79325,Solana
2022-03-11,8769,Arbitrum
2022-03-11,138967,Avalanche
2022-03-11,86710,Ethereum
2022-03-11,24563,Optimism
2022-03-11,101435,Polygon
2022-03-11,112434,Solana
2022-03-10,8149,Arbitrum
2022-03-10,125951,Avalanche
2022-03-10,84638,Ethereum
2022-03-10,27264,Optimism
2022-03-10,102509,Polygon
2022-03-10,121523,Solana
2022-03-09,9837,Arbitrum
2022-03-09,139874,Avalanche
2022-03-09,93434,Ethereum
2022-03-09,25147,Optimism
2022-03-09,148925,Polygon
2022-03-09,138833,Solana
2022-03-08,13552,Arbitrum
2022-03-08,123703,Avalanche
2022-03-08,92147,Ethereum
2022-03-08,25412,Optimism
2022-03-08,144647,Polygon
2022-03-08,129165,Solana
2022-03-07,11046,Arbitrum
2022-03-07,128004,Avalanche
2022-03-07,89412,Ethereum
2022-03-07,24318,Optimism
2022-03-07,154564,Polygon
2022-03-07,132916,Solana
2022-03-06,7448,Arbitrum
2022-03-06,114742,Avalanche
2022-03-06,81163,Ethereum
2022-03-06,18366,Optimism
2022-03-06,124533,Polygon
2022-03-06,99275,Solana
2022-03-05,5752,Arbitrum
2022-03-05,118822,Avalanche
2022-03-05,86387,Ethereum
2022-03-05,13380,Optimism
2022-03-05,108223,Polygon
2022-03-05,96833,Solana
2022-03-04,11052,Arbitrum
2022-03-04,135813,Avalanche
2022-03-04,90029,Ethereum
2022-03-04,20807,Optimism
2022-03-04,145118,Polygon
2022-03-04,126785,Solana
2022-03-03,13800,Arbitrum
2022-03-03,124585,Avalanche
2022-03-03,90858,Ethereum
2022-03-03,16293,Optimism
2022-03-03,125181,Polygon
2022-03-03,137527,Solana
2022-03-02,15385,Arbitrum
2022-03-02,127879,Avalanche
2022-03-02,90644,Ethereum
2022-03-02,22441,Optimism
2022-03-02,146349,Polygon
2022-03-02,170531,Solana
2022-03-01,10873,Arbitrum
2022-03-01,129830,Avalanche
2022-03-01,85781,Ethereum
2022-03-01,22326,Optimism
2022-03-01,154695,Polygon
2022-03-01,170118,Solana
2022-02-28,10967,Arbitrum
2022-02-28,131001,Avalanche
2022-02-28,72569,Ethereum
2022-02-28,25675,Optimism
2022-02-28,151098,Polygon
2022-02-28,170275,Solana
2022-02-27,10791,Arbitrum
2022-02-27,117643,Avalanche
2022-02-27,77295,Ethereum
2022-02-27,20328,Optimism
2022-02-27,135610,Polygon
2022-02-27,148299,Solana
2022-02-26,8024,Arbitrum
2022-02-26,105805,Avalanche
2022-02-26,68696,Ethereum
2022-02-26,17164,Optimism
2022-02-26,100075,Polygon
2022-02-26,128211,Solana
2022-02-25,11602,Arbitrum
2022-02-25,122036,Avalanche
2022-02-25,73181,Ethereum
2022-02-25,22921,Optimism
2022-02-25,134769,Polygon
2022-02-25,183405,Solana
2022-02-24,19716,Arbitrum
2022-02-24,150179,Avalanche
2022-02-24,109686,Ethereum
2022-02-24,39779,Optimism
2022-02-24,174757,Polygon
2022-02-24,254377,Solana
2022-02-23,9106,Arbitrum
2022-02-23,134815,Avalanche
2022-02-23,77232,Ethereum
2022-02-23,16994,Optimism
2022-02-23,135190,Polygon
2022-02-23,165395,Solana
2022-02-22,13097,Arbitrum
2022-02-22,141851,Avalanche
2022-02-22,81664,Ethereum
2022-02-22,19074,Optimism
2022-02-22,150411,Polygon
2022-02-22,164007,Solana
2022-02-21,11458,Arbitrum
2022-02-21,144814,Avalanche
2022-02-21,73775,Ethereum
2022-02-21,20083,Optimism
2022-02-21,166553,Polygon
2022-02-21,183630,Solana
2022-02-20,9241,Arbitrum
2022-02-20,134254,Avalanche
2022-02-20,80376,Ethereum
2022-02-20,12336,Optimism
2022-02-20,139111,Polygon
2022-02-20,141693,Solana
2022-02-19,7216,Arbitrum
2022-02-19,144507,Avalanche
2022-02-19,76198,Ethereum
2022-02-19,7821,Optimism
2022-02-19,132472,Polygon
2022-02-19,111551,Solana
2022-02-18,8826,Arbitrum
2022-02-18,135088,Avalanche
2022-02-18,88744,Ethereum
2022-02-18,11428,Optimism
2022-02-18,141063,Polygon
2022-02-18,134389,Solana
2022-02-17,9994,Arbitrum
2022-02-17,155170,Avalanche
2022-02-17,92774,Ethereum
2022-02-17,13232,Optimism
2022-02-17,165422,Polygon
2022-02-17,146737,Solana
2022-02-16,8887,Arbitrum
2022-02-16,157947,Avalanche
2022-02-16,89949,Ethereum
2022-02-16,9473,Optimism
2022-02-16,178286,Polygon
2022-02-16,125180,Solana
2022-02-15,9055,Arbitrum
2022-02-15,149251,Avalanche
2022-02-15,87714,Ethereum
2022-02-15,8493,Optimism
2022-02-15,181337,Polygon
2022-02-15,134993,Solana
2022-02-14,8977,Arbitrum
2022-02-14,127508,Avalanche
2022-02-14,77527,Ethereum
2022-02-14,9790,Optimism
2022-02-14,189351,Polygon
2022-02-14,146369,Solana
2022-02-13,6029,Arbitrum
2022-02-13,130116,Avalanche
2022-02-13,81066,Ethereum
2022-02-13,7859,Optimism
2022-02-13,160715,Polygon
2022-02-13,123797,Solana
2022-02-12,7172,Arbitrum
2022-02-12,142016,Avalanche
2022-02-12,91626,Ethereum
2022-02-12,10997,Optimism
2022-02-12,174351,Polygon
2022-02-12,149452,Solana
2022-02-11,10022,Arbitrum
2022-02-11,160166,Avalanche
2022-02-11,94522,Ethereum
2022-02-11,12865,Optimism
2022-02-11,198877,Polygon
2022-02-11,166449,Solana
2022-02-10,9987,Arbitrum
2022-02-10,167405,Avalanche
2022-02-10,89597,Ethereum
2022-02-10,11621,Optimism
2022-02-10,207463,Polygon
2022-02-10,169952,Solana
2022-02-09,9860,Arbitrum
2022-02-09,154090,Avalanche
2022-02-09,99236,Ethereum
2022-02-09,7827,Optimism
2022-02-09,189812,Polygon
2022-02-09,156757,Solana
2022-02-08,8728,Arbitrum
2022-02-08,168809,Avalanche
2022-02-08,92044,Ethereum
2022-02-08,12585,Optimism
2022-02-08,219799,Polygon
2022-02-08,171711,Solana
2022-02-07,9110,Arbitrum
2022-02-07,151688,Avalanche
2022-02-07,81697,Ethereum
2022-02-07,9996,Optimism
2022-02-07,216182,Polygon
2022-02-07,176561,Solana
2022-02-06,7930,Arbitrum
2022-02-06,126816,Avalanche
2022-02-06,80860,Ethereum
2022-02-06,7352,Optimism
2022-02-06,165202,Polygon
2022-02-06,118309,Solana
2022-02-05,7460,Arbitrum
2022-02-05,126216,Avalanche
2022-02-05,76395,Ethereum
2022-02-05,8559,Optimism
2022-02-05,161198,Polygon
2022-02-05,148143,Solana
2022-02-04,8470,Arbitrum
2022-02-04,135374,Avalanche
2022-02-04,84496,Ethereum
2022-02-04,10079,Optimism
2022-02-04,178441,Polygon
2022-02-04,168053,Solana
2022-02-03,7110,Arbitrum
2022-02-03,131831,Avalanche
2022-02-03,70915,Ethereum
2022-02-03,9555,Optimism
2022-02-03,175003,Polygon
2022-02-03,187792,Solana
2022-02-02,8577,Arbitrum
2022-02-02,139847,Avalanche
2022-02-02,74953,Ethereum
2022-02-02,10710,Optimism
2022-02-02,199250,Polygon
2022-02-02,222813,Solana
2022-02-01,7543,Arbitrum
2022-02-01,158985,Avalanche
2022-02-01,69604,Ethereum
2022-02-01,11037,Optimism
2022-02-01,192636,Polygon
2022-02-01,189662,Solana
2022-01-31,9414,Arbitrum
2022-01-31,154362,Avalanche
2022-01-31,66647,Ethereum
2022-01-31,9728,Optimism
2022-01-31,175548,Polygon
2022-01-31,166852,Solana
2022-01-30,11181,Arbitrum
2022-01-30,127597,Avalanche
2022-01-30,66171,Ethereum
2022-01-30,6735,Optimism
2022-01-30,163021,Polygon
2022-01-30,138267,Solana
2022-01-29,7865,Arbitrum
2022-01-29,154463,Avalanche
2022-01-29,69129,Ethereum
2022-01-29,7968,Optimism
2022-01-29,166621,Polygon
2022-01-29,152496,Solana
2022-01-28,8646,Arbitrum
2022-01-28,148430,Avalanche
2022-01-28,73459,Ethereum
2022-01-28,12723,Optimism
2022-01-28,190771,Polygon
2022-01-28,204589,Solana
2022-01-27,12225,Arbitrum
2022-01-27,204345,Avalanche
2022-01-27,75588,Ethereum
2022-01-27,12423,Optimism
2022-01-27,196994,Polygon
2022-01-27,234827,Solana
2022-01-26,12362,Arbitrum
2022-01-26,182840,Avalanche
2022-01-26,86382,Ethereum
2022-01-26,12359,Optimism
2022-01-26,186183,Polygon
2022-01-26,249583,Solana
2022-01-25,12861,Arbitrum
2022-01-25,132751,Avalanche
2022-01-25,79866,Ethereum
2022-01-25,11813,Optimism
2022-01-25,157460,Polygon
2022-01-25,235391,Solana
2022-01-24,17533,Arbitrum
2022-01-24,138009,Avalanche
2022-01-24,94041,Ethereum
2022-01-24,24574,Optimism
2022-01-24,171388,Polygon
2022-01-24,341661,Solana
2022-01-23,7029,Arbitrum
2022-01-23,120617,Avalanche
2022-01-23,77092,Ethereum
2022-01-23,15998,Optimism
2022-01-23,146473,Polygon
2022-01-23,263855,Solana
2022-01-22,13398,Arbitrum
2022-01-22,157774,Avalanche
2022-01-22,110101,Ethereum
2022-01-22,30131,Optimism
2022-01-22,188605,Polygon
2022-01-22,263576,Solana
2022-01-21,13671,Arbitrum
2022-01-21,151974,Avalanche
2022-01-21,107704,Ethereum
2022-01-21,16590,Optimism
2022-01-21,158559,Polygon
2022-01-21,217942,Solana
2022-01-20,8860,Arbitrum
2022-01-20,134962,Avalanche
2022-01-20,94879,Ethereum
2022-01-20,5255,Optimism
2022-01-20,130996,Polygon
2022-01-20,141816,Solana
2022-01-19,7293,Arbitrum
2022-01-19,134284,Avalanche
2022-01-19,88537,Ethereum
2022-01-19,4829,Optimism
2022-01-19,114485,Polygon
2022-01-19,147706,Solana
2022-01-18,7892,Arbitrum
2022-01-18,136946,Avalanche
2022-01-18,83589,Ethereum
2022-01-18,3263,Optimism
2022-01-18,123198,Polygon
2022-01-18,152814,Solana
2022-01-17,8964,Arbitrum
2022-01-17,181004,Avalanche
2022-01-17,86332,Ethereum
2022-01-17,2563,Optimism
2022-01-17,164696,Polygon
2022-01-17,162531,Solana
2022-01-16,8111,Arbitrum
2022-01-16,149377,Avalanche
2022-01-16,74906,Ethereum
2022-01-16,2400,Optimism
2022-01-16,144950,Polygon
2022-01-16,170403,Solana
2022-01-15,6668,Arbitrum
2022-01-15,130747,Avalanche
2022-01-15,73492,Ethereum
2022-01-15,2253,Optimism
2022-01-15,141883,Polygon
2022-01-15,131512,Solana
2022-01-14,7023,Arbitrum
2022-01-14,118271,Avalanche
2022-01-14,79859,Ethereum
2022-01-14,2532,Optimism
2022-01-14,150313,Polygon
2022-01-14,171368,Solana
2022-01-13,6479,Arbitrum
2022-01-13,112696,Avalanche
2022-01-13,79281,Ethereum
2022-01-13,2263,Optimism
2022-01-13,167360,Polygon
2022-01-13,188834,Solana
2022-01-12,5973,Arbitrum
2022-01-12,118331,Avalanche
2022-01-12,89027,Ethereum
2022-01-12,2236,Optimism
2022-01-12,147994,Polygon
2022-01-12,169983,Solana
2022-01-11,6400,Arbitrum
2022-01-11,120560,Avalanche
2022-01-11,94107,Ethereum
2022-01-11,2417,Optimism
2022-01-11,158344,Polygon
2022-01-11,143407,Solana
2022-01-10,9934,Arbitrum
2022-01-10,124136,Avalanche
2022-01-10,100467,Ethereum
2022-01-10,3512,Optimism
2022-01-10,157080,Polygon
2022-01-10,163141,Solana
2022-01-09,4484,Arbitrum
2022-01-09,118966,Avalanche
2022-01-09,64040,Ethereum
2022-01-09,2192,Optimism
2022-01-09,142544,Polygon
2022-01-09,149529,Solana
2022-01-08,9896,Arbitrum
2022-01-08,135812,Avalanche
2022-01-08,85613,Ethereum
2022-01-08,3435,Optimism
2022-01-08,162369,Polygon
2022-01-08,164234,Solana
2022-01-07,11529,Arbitrum
2022-01-07,154082,Avalanche
2022-01-07,94536,Ethereum
2022-01-07,4846,Optimism
2022-01-07,186496,Polygon
2022-01-07,165496,Solana
2022-01-06,9585,Arbitrum
2022-01-06,130980,Avalanche
2022-01-06,96900,Ethereum
2022-01-06,3735,Optimism
2022-01-06,187880,Polygon
2022-01-06,190730,Solana
2022-01-05,11152,Arbitrum
2022-01-05,143087,Avalanche
2022-01-05,106866,Ethereum
2022-01-05,4423,Optimism
2022-01-05,193119,Polygon
2022-01-05,172410,Solana
2022-01-04,8684,Arbitrum
2022-01-04,133537,Avalanche
2022-01-04,96823,Ethereum
2022-01-04,3047,Optimism
2022-01-04,241830,Polygon
2022-01-04,183932,Solana
2022-01-03,7497,Arbitrum
2022-01-03,148268,Avalanche
2022-01-03,101336,Ethereum
2022-01-03,2634,Optimism
2022-01-03,256195,Polygon
2022-01-03,139477,Solana
2022-01-02,6813,Arbitrum
2022-01-02,132889,Avalanche
2022-01-02,97846,Ethereum
2022-01-02,2645,Optimism
2022-01-02,207150,Polygon
2022-01-02,129128,Solana
2022-01-01,6502,Arbitrum
2022-01-01,103989,Avalanche
2022-01-01,96020,Ethereum
2022-01-01,4557,Optimism
2022-01-01,185098,Polygon
2022-01-01,110758,Solana
